DISTRITO;ID_ESC_SGE;REGIONAL;UNIDADE_ ESCOLAR;LOGRADOURO;BAIRRO;LATITUDE;LONGITUDE;SITUAÇÃO_FUNCIONAMENTO;TIPO GESTÃO;CAPACIDADE_VAGAS
1;81;12;ESCOLA MUNICIPAL ALBA FROTA;AV. DOM MANUEL, 914;CENTRO;-3,73198;-38,52263;ATIVA;DIRETA/MUNICIPAL;640
1;99;1;ESCOLA MUNICIPAL SECRETARIO PAULO PETROLA;RUA MONSENHOR CARNEIRO DA CUNHA, 415;JACARECANGA;-3,72473;-38,54455;ATIVA;DIRETA/MUNICIPAL;740
1;106;1;ESCOLA MUNICIPAL SEBASTIANA ALDIGUERI;RUA DR. THEMBERG, 448;ALVARO WEYNE;-3,70797;-38,56319;ATIVA;DIRETA/MUNICIPAL;602
1;107;1;ESCOLA MUNICIPAL CRISTO REDENTOR;AV. PASTEUR, 372;ALVARO WEYNE;-3,70918;-38,55859;ATIVA;DIRETA/MUNICIPAL;647
1;125;1;ESCOLA MUNICIPAL CASTELO DE CASTRO;RUA 43, 1531 (CONJUNTO DOS BANCÁRIOS);VILA VELHA;-3,71802;-38,60014;ATIVA;DIRETA/MUNICIPAL;530
1;130;1;ESCOLA MUNICIPAL JESUS CRISTO;RUA ALBERTO FERREIRA, 564;JARDIM IRACEMA;-3,72191;-38,58339;ATIVA;DIRETA/MUNICIPAL;375
1;137;1;ESCOLA MUNICIPAL MANOEL RODRIGUES;RUA MARIA CLARA, 1237;JARDIM GUANABARA;-3,72473;-38,59145;ATIVA;DIRETA/MUNICIPAL;682
1;139;1;ESCOLA MUNICIPAL DE TEMPO INTEGRAL NOSSA SENHORA DE FATIMA;RUA SILVIO ROMERO, 370;ALVARO WEYNE;-3,72042;-38,57229;ATIVA;DIRETA/MUNICIPAL;420
1;145;1;ESCOLA MUNICIPAL MARIA DALVA SEVERINO MARREIRO;RUA RIO PARAGUAI, 782;JARDIM IRACEMA;-3,72536;-38,58439;ATIVA;DIRETA/MUNICIPAL;210
1;153;1;ESCOLA MUNICIPAL FRANCISCO SILVA CAVALCANTE;AV. CONSELHEIRO LAFAYETTE, 205;FLORESTA;-3,71858;-38,57975;ATIVA;DIRETA/MUNICIPAL;560
1;154;1;ESCOLA MUNICIPAL QUINTINO CUNHA;RUA MARIA CLARA, 1263;JARDIM GUANABARA;-3,72465;-38,59186;ATIVA;DIRETA/MUNICIPAL;565
1;160;1;ESCOLA MUNICIPAL MARIA MARIZA MENDES DE CARVALHO;RUA RAIMUNDO CUNHA, 1174;VILA VELHA;-3,71987;-38,606;ATIVA;DIRETA/MUNICIPAL;425
1;162;12;ESCOLA MUNICIPAL MOURA BRASIL;RUA PADRE MORORÓ, 189;MOURA BRASIL;-3,7185;-38,53515;ATIVA;DIRETA/MUNICIPAL;536
1;188;1;ESCOLA MUNICIPAL HILBERTO SILVA;AV. PRESIDENTE CASTELO BRANCO, 2973;CARLITO PAMPLONA;-3,71214;-38,55556;ATIVA;DIRETA/MUNICIPAL;785
1;199;1;ESCOLA MUNICIPAL LORHAN MARQUES MEDEIROS;RUA CREUZA ROCHA, 255;JARDIM GUANABARA;-3,72161;-38,59136;ATIVA;DIRETA/MUNICIPAL;310
1;201;1;ESCOLA MUNICIPAL REITOR PEDRO TEIXEIRA BARROSO;AV. FLORÊNCIO DE ALENCAR, 900;BARRA DO CEARA;-3,70821;-38,58384;ATIVA;DIRETA/MUNICIPAL;700
1;209;1;ESCOLA MUNICIPAL VIRGILIO TAVORA;AV. MONSENHOR HÉLIO CAMPOS, S/N;CRISTO REDENTOR;-3,70543;-38,56402;ATIVA;DIRETA/MUNICIPAL;455
1;225;1;ESCOLA MUNICIPAL JOSE DE ALENCAR;RUA ALBERTO FERREIRA, 248;JARDIM IRACEMA;-3,71974;-38,58338;ATIVA;DIRETA/MUNICIPAL;735
1;226;1;ESCOLA MUNICIPAL ANTONIO CORREIA LIMA;RUA HERMES PARAÍBA, 934;VILA VELHA;-3,71263;-38,59207;ATIVA;DIRETA/MUNICIPAL;760
1;232;1;ESCOLA MUNICIPAL AGOSTINHO MOREIRA E SILVA;RUA PERI, 20;BARRA DO CEARA;-3,7005;-38,58579;ATIVA;DIRETA/MUNICIPAL;620
1;233;1;ESCOLA MUNICIPAL ALDEIDES REGIS;RUA IRINEU DE SOUSA, 183;ALVARO WEYNE;-3,7113;-38,56941;ATIVA;DIRETA/MUNICIPAL;480
1;234;1;ESCOLA MUNICIPAL DOIS DE DEZEMBRO;RUA ARAQUÉM, 860;BARRA DO CEARA;-3,70917;-38,58041;ATIVA;DIRETA/MUNICIPAL;1150
1;235;1;ESCOLA MUNICIPAL SAO CURA DARS;RUA SANTA ELISA, 722;PIRAMBU;-3,70617;-38,55951;ATIVA;DIRETA/MUNICIPAL;594
1;238;12;ESCOLA MUNICIPAL SAO RAFAEL;RUA DOS TABAJARAS, 244;PRAIA DE IRACEMA;-3,71933;-38,51779;ATIVA;DIRETA/MUNICIPAL;547
1;239;1;ESCOLA MUNICIPAL PATATIVA DO ASSARE;RUA FREI TEOBALDO, 646;ALVARO WEYNE;-3,71528;-38,562;ATIVA;DIRETA/MUNICIPAL;660
1;240;1;ESCOLA MUNICIPAL FRANCISCO EDILSON PINHEIRO;RUA N, 35;VILA VELHA;-3,71847;-38,60302;ATIVA;DIRETA/MUNICIPAL;615
1;241;1;ESCOLA MUNICIPAL MARIA ROSELI LIMA MESQUITA;RUA FRANCISCO CALAÇA, 1791;ALVARO WEYNE;-3,71718;-38,5739;ATIVA;DIRETA/MUNICIPAL;765
1;255;1;ESCOLA MUNICIPAL SANTA TEREZA;AV. MONSENHOR HÉLIO CAMPOS, 92;CRISTO REDENTOR;-3,70611;-38,56346;ATIVA;DIRETA/MUNICIPAL;390
1;256;1;ESCOLA MUNICIPAL PROFESSOR JOSE PARSIFAL BARROSO;RUA MAJOR ASSIS, 1076;JARDIM GUANABARA;-3,7233;-38,58869;ATIVA;DIRETA/MUNICIPAL;525
1;276;1;ESCOLA MUNICIPAL FRANCISCO DOMINGOS DA SILVA;AV. PRESIDENTE CASTELO BRANCO, 4707;CARLITO PAMPLONA;-3,70681;-38,57455;ATIVA;DIRETA/MUNICIPAL;1252
1;282;12;ESCOLA MUNICIPAL NOSSA SENHORA APARECIDA;RUA TERESA CRISTINA, 112;CENTRO;-3,72161;-38,53537;ATIVA;DIRETA/MUNICIPAL;322
1;284;1;ESCOLA MUNICIPAL JADER DE FIGUEIREDO CORREIA;RUA TOCANDIRA, 61;BARRA DO CEARA;-3,7058;-38,58979;ATIVA;DIRETA/MUNICIPAL;615
1;289;1;ESCOLA MUNICIPAL RACHEL DE QUEIROZ;AV. PRESIDENTE CASTELO BRANCO, 5010;BARRA DO CEARA;-3,70494;-38,57649;ATIVA;DIRETA/MUNICIPAL;526
1;291;1;ESCOLA MUNICIPAL NOSSA SENHORA DO PERPETUO SOCORRO;RUA CÔNSUL GOUVEIA, 57;ALVARO WEYNE;-3,71673;-38,56168;ATIVA;DIRETA/MUNICIPAL;980
1;292;1;ESCOLA MUNICIPAL TERTULIANO CAMBRAIA;RUA MONSENHOR ROSA, 947;CARLITO PAMPLONA;-3,71308;-38,55504;ATIVA;DIRETA/MUNICIPAL;495
1;300;1;ESCOLA MUNICIPAL DE TEMPO INTEGRAL ALDEMIR MARTINS;AV. FRANCISCO SÁ, 7460;BARRA DO CEARA;-3,70648;-38,58531;ATIVA;DIRETA/MUNICIPAL;385
1;310;1;ESCOLA MUNICIPAL DOM ANTONIO BATISTA DE FRAGOSO;AV. FRANCISCO SÁ, 7945;BARRA DO CEARA;-3,70466;-38,58948;ATIVA;DIRETA/MUNICIPAL;840
1;311;1;ESCOLA MUNICIPAL ANTONIO MENDES;RUA DONA MENDINHA, 682;CRISTO REDENTOR;-3,70869;-38,56992;ATIVA;DIRETA/MUNICIPAL;630
1;331;1;ESCOLA MUNICIPAL PROFESSOR JOSE REBOUCAS MACAMBIRA;RUA CIDADE DE CARIÚS, 200;JARDIM GUANABARA;-3,72221;-38,59076;ATIVA;DIRETA/MUNICIPAL;923
1;333;1;ESCOLA MUNICIPAL DOM HELDER CAMARA;RUA FREI ODILON, 623B;ALVARO WEYNE;-3,7257;-38,57293;ATIVA;DIRETA/MUNICIPAL;660
1;334;1;ESCOLA MUNICIPAL HERONDINA LIMA CAVALCANTE;AV. AMBIENTALISTA ARY THERS, 310;VILA VELHA;-3,71594;-38,59808;ATIVA;DIRETA/MUNICIPAL;1205
1;351;1;ESCOLA MUNICIPAL RAIMUNDO DE SOUSA MANGUEIRA;RUA ALBERTO FERREIRA, 624;JARDIM IRACEMA;-3,72286;-38,5835;ATIVA;DIRETA/MUNICIPAL;505
1;353;1;ESCOLA MUNICIPAL CASIMIRO JOSE DE LIMA FILHO;AV. FRANCISCO SÁ, 6449;BARRA DO CEARA;-3,70939;-38,58204;ATIVA;DIRETA/MUNICIPAL;497
1;371;12;CENTRO DE EDUCACAO INFANTIL MOURA BRASIL;RUA ADARIAS DE LIMA, 378;MOURA BRASIL;-3,71966;-38,53512;ATIVA;DIRETA/MUNICIPAL;116
1;387;1;CENTRO DE EDUCACAO INFANTIL MARIO QUINTANA;RUA TETA, 900;VILA VELHA;-3,71137;-38,60009;ATIVA;DIRETA/MUNICIPAL;316
1;398;12;CENTRO DE EDUCACAO INFANTIL SAO RAFAEL;RUA DOS TABAJARAS, 480;PRAIA DE IRACEMA;-3,71962;-38,51552;ATIVA;DIRETA/MUNICIPAL;75
1;399;1;CENTRO DE EDUCACAO INFANTIL DOIS DE DEZEMBRO;RUA ARAQUÉM, 860;BARRA DO CEARA;-3,70908;-38,58081;ATIVA;DIRETA/MUNICIPAL;140
1;400;1;CENTRO DE EDUCACAO INFANTIL AGOSTINHO MOREIRA E SILVA;RUA PERI, 20;BARRA DO CEARA;-3,70071;-38,5856;ATIVA;DIRETA/MUNICIPAL;205
1;412;1;CENTRO DE EDUCACAO INFANTIL VIRGILIO TAVORA;AV. MONSENHOR HÉLIO CAMPOS, S/N;CRISTO REDENTOR;-3,70541;-38,56357;ATIVA;DIRETA/MUNICIPAL;96
1;427;1;CENTRO DE EDUCACAO INFANTIL CASIMIRO JOSE DE LIMA FILHO;AV. FRANCISCO SÁ, 6449;BARRA DO CEARA;-3,70954;-38,58229;ATIVA;DIRETA/MUNICIPAL;120
1;429;1;CENTRO DE EDUCACAO INFANTIL JESUS CRISTO;RUA ALBERTO FERREIRA, 564;JARDIM IRACEMA;-3,72224;-38,58344;ATIVA;DIRETA/MUNICIPAL;416
1;441;1;CENTRO DE EDUCACAO INFANTIL DOM HELDER CAMARA;RUA FREI ODILON, 623;ALVARO WEYNE;-3,72536;-38,57299;ATIVA;DIRETA/MUNICIPAL;116
1;444;1;CENTRO DE EDUCACAO INFANTIL PROFESSOR JOSE REBOUCAS MACAMBIRA;RUA CARIÚS, 200;JARDIM GUANABARA;-3,72198;-38,59145;ATIVA;DIRETA/MUNICIPAL;200
1;451;1;CENTRO DE EDUCACAO INFANTIL ALDEIDES REGIS;RUA IRINEU DE SOUSA, 188;ALVARO WEYNE;-3,71085;-38,56749;ATIVA;DIRETA/MUNICIPAL;96
1;456;1;CENTRO DE EDUCACAO INFANTIL MARIA MARIZA MENDES DE CARVALHO;RUA RAIMUNDO CUNHA, 1174;VILA VELHA;-3,72001;-38,6063;ATIVA;DIRETA/MUNICIPAL;140
1;481;1;CENTRO DE EDUCACAO INFANTIL SECRETARIO PAULO PETROLA;RUA JACINTO DE MATOS, 906;JACARECANGA;-3,71899;-38,54702;ATIVA;DIRETA/MUNICIPAL;56
1;482;1;CENTRO DE EDUCACAO INFANTIL MARIA ROSELI LIMA MESQUITA;RUA LUIZ GUIMARÃES, 261;FLORESTA;-3,72311;-38,57018;ATIVA;DIRETA/MUNICIPAL;316
1;499;1;CENTRO DE EDUCACAO INFANTIL TERTULIANO CAMBRAIA;RUA MONSENHOR ROSA, 947;CARLITO PAMPLONA;-3,71338;-38,5545;ATIVA;DIRETA/MUNICIPAL;120
1;500;1;CENTRO DE EDUCACAO INFANTIL RACHEL DE QUEIROZ;TRAV. AURÉLIO LAVÔR, 99;CRISTO REDENTOR;-3,70655;-38,57063;ATIVA;DIRETA/MUNICIPAL;148
1;503;12;CENTRO DE EDUCACAO INFANTIL NOSSA SENHORA APARECIDA;RUA TERESA CRISTINA, 112;CENTRO;-3,72146;-38,53533;ATIVA;DIRETA/MUNICIPAL;63
1;528;1;CRECHE PEQUENO POLEGAR;RUA MOACIR, 45;BARRA DO CEARA;-3,70212;-38,57871;ATIVA;PARCERIA/CONVENIADA;80
1;532;1;CRECHE ARPOADOR;RUA GRITO DE ALERTA, 136;BARRA DO CEARA;-3,7034;-38,57016;ATIVA;PARCERIA/CONVENIADA;76
1;533;1;CRECHE AMADEU BARROS LEAL;AV. FILOMENO GOMES, 110;JACARECANGA;-3,72398;-38,54241;ATIVA;PARCERIA/CONVENIADA;132
1;547;1;CRECHE OLHAR DO SABER - VO FRANCY;RUA PAULO XENOFONTE, 1037;VILA VELHA;-3,72021;-38,60457;ATIVA;PARCERIA/CONVENIADA;76
1;581;1;ESCOLA MUNICIPAL 11 DE AGOSTO;AV. CORONEL CARVALHO, 3121;JARDIM IRACEMA;-3,73031;-38,58448;ATIVA;DIRETA/MUNICIPAL;850
1;584;1;CENTRO DE EDUCACAO INFANTIL 11 DE AGOSTO;RUA ALBERTO FERREIRA, 1790;JARDIM IRACEMA;-3,7305;-38,58419;ATIVA;DIRETA/MUNICIPAL;120
1;647;1;CRECHE ANJOS DE DEUS;RUA DONA MENDINHA, 191;CRISTO REDENTOR;-3,70449;-38,56869;ATIVA;PARCERIA/CONVENIADA;76
1;788;1;CENTRO DE EDUCACAO INFANTIL VILA DO MAR;RUA DR. JOSÉ ROBERTO SALES, S/N;BARRA DO CEARA;-3,69499;-38,58194;ATIVA;DIRETA/MUNICIPAL;220
1;826;1;CENTRO DE EDUCACAO INFANTIL JOÃO MARÇAL MESQUITA;RUA ROCHA POMBO, S/N;ALVARO WEYNE;-3,72021;-38,57286;ATIVA;DIRETA/MUNICIPAL;276
1;829;1;CENTRO DE EDUCACAO INFANTIL MARISTELA DA FROTA CAVALCANTE;AV. L, 1000;VILA VELHA;-3,71355;-38,60055;ATIVA;DIRETA/MUNICIPAL;336
1;840;1;CRECHE VOVO TONICO;RUA DR. HUGO ROCHA, 212;ALVARO WEYNE;-3,71426;-38,57152;ATIVA;PARCERIA/CONVENIADA;56
1;841;1;CRECHE VOVO IOLETE;RUA IRINEU DE SOUSA, 197;ALVARO WEYNE;-3,7067;-38,56642;ATIVA;PARCERIA/CONVENIADA;132
1;852;1;CRECHE CONSTRUINDO O FUTURO;RUA OTÁVIO PARANHOS, 35;JARDIM IRACEMA;-3,71811;-38,5855;ATIVA;PARCERIA/CONVENIADA;56
1;853;1;CRECHE SONHO INFANTIL II;RUA RINCÃO, 79;FLORESTA;-3,72384;-38,57823;ATIVA;PARCERIA/CONVENIADA;76
1;986;1;CENTRO DE EDUCACAO INFANTIL MARIA AGLAE GONÇALVES MONTEIRO;RUA CÂNDIDO CASTELO BRANCO, S/N;BARRA DO CEARA;-3,70595;-38,58503;ATIVA;DIRETA/MUNICIPAL;200
1;987;1;ESCOLA MUNICIPAL DE TEMPO INTEGRAL DEPUTADO ROBERTO MESQUITA;RUA BETA, S/N;VILA VELHA;-3,71398;-38,60077;ATIVA;DIRETA/MUNICIPAL;420
1;1123;1;CRECHE UNIVERSO INFANTIL;RUA CARLOS WALRAVEN, 367;JARDIM GUANABARA;-3,72001;-38,59217;ATIVA;PARCERIA/CONVENIADA;76
1;1124;1;CRECHE TIA ARLETE;RUA SÃO ROQUE, 32;ALVARO WEYNE;-3,71604;-38,57103;ATIVA;PARCERIA/CONVENIADA;96
1;1149;1;CENTRO DE EDUCACAO INFANTIL MARIA DALVA DOS SANTOS;#N/D;JACARECANGA;-3,71323;-38,54573;ATIVA;DIRETA/MUNICIPAL;176
2;82;2;ESCOLA MUNICIPAL PROFESSORA AIDA SANTOS E SILVA;AV. TRAJANO DE MEDEIROS, 813;VICENTE PINZON;-3,72649;-38,46572;ATIVA;DIRETA/MUNICIPAL;705
2;98;7;ESCOLA MUNICIPAL DOM ALOISIO LORSCHEIDER;RUA JULIO SILVA, 400;PRAIA DO FUTURO I;-3,74506;-38,45474;ATIVA;DIRETA/MUNICIPAL;848
2;105;2;ESCOLA MUNICIPAL MARIA FELICIO LOPES;RUA JOSÉ SETUBAL PESSOA, 480;CAIS DO PORTO;-3,72239;-38,47183;ATIVA;DIRETA/MUNICIPAL;940
2;108;2;ESCOLA MUNICIPAL COLONIA Z-8;RUA MANUEL JESUINO, 370;MUCURIPE;-3,72884;-38,48539;ATIVA;DIRETA/MUNICIPAL;391
2;113;7;ESCOLA MUNICIPAL PROFESSORA MARIA ODNILRA CRUZ MOREIRA;AV. DAS ADENANTERAS, 800;CIDADE 2000;-3,75566;-38,46795;ATIVA;DIRETA/MUNICIPAL;1015
2;114;7;ESCOLA MUNICIPAL FREI AGOSTINHO FERNANDES;AV. CÉSAR CALS, 2370;VICENTE PINZON;-3,73805;-38,45651;ATIVA;DIRETA/MUNICIPAL;375
2;117;2;ESCOLA MUNICIPAL LUIS ANGELO PEREIRA;RUA OSMUNDO CAVALCANTE DE OLIVEIRA, 90;MUCURIPE;-3,72653;-38,47699;ATIVA;DIRETA/MUNICIPAL;223
2;118;7;ESCOLA MUNICIPAL FREI TITO DE ALENCAR LIMA;AV. DIOGUINHO, 5925;PRAIA DO FUTURO I;-3,76526;-38,44086;ATIVA;DIRETA/MUNICIPAL;1015
2;129;2;ESCOLA MUNICIPAL MARIA ALICE;RUA RAIMUNDO OLIVEIRA FILHO, 95;PAPICU;-3,73483;-38,48331;ATIVA;DIRETA/MUNICIPAL;554
2;138;2;ESCOLA MUNICIPAL NOSSA SENHORA DO SAGRADO CORAÇAO;RUA ANA GONÇALVES, 1;TAUAPE;-3,75964;-38,5168;ATIVA;DIRETA/MUNICIPAL;411
2;147;2;ESCOLA MUNICIPAL GODOFREDO DE CASTRO FILHO;AV. JOSÉ SABÓIA, 905;CAIS DO PORTO;-3,71807;-38,46536;ATIVA;DIRETA/MUNICIPAL;953
2;164;7;ESCOLA MUNICIPAL PROFESSORA JOSEFINA PARENTE DE ARAUJO;RUA PEDRO MAMEDE, 175;SABIAGUABA;-3,80056;-38,44971;ATIVA;DIRETA/MUNICIPAL;378
2;166;2;ESCOLA MUNICIPAL ALMERINDA DE ALBUQUERQUE;RUA ANA GONÇALVES, 1105;TAUAPE;-3,75877;-38,5061;ATIVA;DIRETA/MUNICIPAL;465
2;167;7;ESCOLA MUNICIPAL PROFESSOR LUIS COSTA;RUA JOSÉ GUILHERME DA COSTA, 156;ENGENHEIRO LUCIANO CAVALCANTE;-3,76958;-38,49585;ATIVA;DIRETA/MUNICIPAL;680
2;170;2;ESCOLA MUNICIPAL ELEAZAR DE CARVALHO;RUA FRANCISCO ALVES PEREIRA, 349;CAIS DO PORTO;-3,72233;-38,47572;ATIVA;DIRETA/MUNICIPAL;442
2;174;2;ESCOLA MUNICIPAL JOSE RAMOS TORRES DE MELO;AV. DA ABOLIÇÃO, 3984;MUCURIPE;-3,72566;-38,48383;ATIVA;DIRETA/MUNICIPAL;1200
2;175;2;ESCOLA MUNICIPAL PROFESSORA BELARMINA CAMPOS;RUA DOUTOR MANOEL RODRIQUES MONTEIRO, 840;VICENTE PINZON;-3,72521;-38,46629;ATIVA;DIRETA/MUNICIPAL;1025
2;182;7;ESCOLA MUNICIPAL PROFESSORA ALDACI BARBOSA;RUA CORONEL OLEGÁRIO MEMÓRIA, 1257;SAPIRANGA;-3,79136;-38,47654;ATIVA;DIRETA/MUNICIPAL;1043
2;192;7;ESCOLA MUNICIPAL PROFESSOR MANUEL EDUARDO PINHEIRO CAMPOS;RUA MIRIÚ, 500;SABIAGUABA;-3,78951;-38,44873;ATIVA;DIRETA/MUNICIPAL;690
2;249;7;ESCOLA MUNICIPAL WASHINGTON SOARES;RUA DO CORRENTE, 400;EDSON QUEIROZ;-3,77801;-38,47723;ATIVA;DIRETA/MUNICIPAL;394
2;257;2;ESCOLA MUNICIPAL JOSE DIAS MACEDO;RUA NUNES VALENTE, 809;MEIRELES;-3,73162;-38,50201;ATIVA;DIRETA/MUNICIPAL;270
2;263;7;ESCOLA MUNICIPAL ALVORADA;RUA ANGRA DOS REIS, 234;SAPIRANGA;-3,79195;-38,4747;ATIVA;DIRETA/MUNICIPAL;365
2;286;7;ESCOLA MUNICIPAL JOSE CARLOS DE PINHO;RUA LUÍZA MIRANDA COELHO, 595;ENGENHEIRO LUCIANO CAVALCANTE;-3,77338;-38,49157;ATIVA;DIRETA/MUNICIPAL;329
2;295;7;ESCOLA MUNICIPAL PROFESSOR ERNESTO GURGEL;RUA CORONEL OLEGÁRIO MEMÓRIA, 3105;SAPIRANGA;-3,79052;-38,46649;ATIVA;DIRETA/MUNICIPAL;860
2;301;2;ESCOLA MUNICIPAL PROFESSORA MARIA GONDIM DOS SANTOS;TRAV. GUARANI, 620;PAPICU;-3,73743;-38,47815;ATIVA;DIRETA/MUNICIPAL;624
2;302;2;ESCOLA MUNICIPAL PROFESSORA CONSUELO AMORA;AV. DOS JANGADEIROS, 577;MUCURIPE;-3,72388;-38,47708;ATIVA;DIRETA/MUNICIPAL;756
2;313;7;ESCOLA MUNICIPAL PROFESSOR FRANCISCO MAURICIO DE MATTOS DOURADO;RUA DES. FLORIANO BENEVIDES MAGALHÃES, 391;EDSON QUEIROZ;-3,77233;-38,47921;ATIVA;DIRETA/MUNICIPAL;1070
2;314;7;ESCOLA MUNICIPAL PROFESSOR MONTEIRO DE MORAES;RUA EVILÁSIO ALMEIDA MIRANDA, 1608;SAPIRANGA;-3,7975;-38,46727;ATIVA;DIRETA/MUNICIPAL;961
2;321;7;ESCOLA MUNICIPAL IRMA SIMAS;RUA JOÃO MARIANO, 608;SAPIRANGA;-3,79082;-38,47547;ATIVA;DIRETA/MUNICIPAL;465
2;355;2;ESCOLA MUNICIPAL DE TEMPO INTEGRAL PROFESSOR ALVARO COSTA;AV. VICENTE DE CASTRO, 6074;CAIS DO PORTO;-3,71177;-38,47173;ATIVA;DIRETA/MUNICIPAL;420
2;356;2;ESCOLA MUNICIPAL DE TEMPO INTEGRAL PROFESSORA ANTONIETA CALS;RUA MONSENHOR SALAZAR, 1480;TAUAPE;-3,75568;-38,50617;ATIVA;DIRETA/MUNICIPAL;420
2;360;2;ESCOLA MUNICIPAL SAO VICENTE DE PAULO;AV.ZEZÉ DIOGO, 1247;CAIS DO PORTO;-3,71815;-38,46399;ATIVA;DIRETA/MUNICIPAL;435
2;367;2;CENTRO DE EDUCACAO INFANTIL MARIA FELICIO LOPES;RUA JOSÉ SETUBAL PESSOA, 480;CAIS DO PORTO;-3,7222;-38,47139;ATIVA;DIRETA/MUNICIPAL;220
2;370;7;CENTRO DE EDUCACAO INFANTIL DOM ALOISIO LORSCHEIDER;AV. SENADOR CARLOS JEREISSATI, 395;PRAIA DO FUTURO I;-3,74458;-38,45498;ATIVA;DIRETA/MUNICIPAL;188
2;375;7;CENTRO DE EDUCACAO INFANTIL PROFESSOR MANUEL EDUARDO PINHEIRO CAMPOS;RUA MIRIÚ, 500;SABIAGUABA;-3,78936;-38,44896;ATIVA;DIRETA/MUNICIPAL;146
2;391;7;CENTRO DE EDUCACAO INFANTIL FREI TITO DE ALENCAR LIMA;AV. CLÓVIS ARRAIS MAIA, 6470;PRAIA DO FUTURO II;-3,76496;-38,44022;ATIVA;DIRETA/MUNICIPAL;140
2;396;7;CENTRO DE EDUCACAO INFANTIL FREI AGOSTINHO FERNANDES;AV. CÉSAR CALS, 2370;VICENTE PINZON;-3,73784;-38,45653;ATIVA;DIRETA/MUNICIPAL;85
2;397;7;CENTRO DE EDUCACAO INFANTIL PROFESSORA MARIA ODNILRA CRUZ MOREIRA;RUA VITÓRIA DA CONQUISTA, 1441;MANOEL DIAS BRANCO;-3,75655;-38,46849;ATIVA;DIRETA/MUNICIPAL;240
2;426;2;CENTRO DE EDUCACAO INFANTIL PROFESSORA ANTONIETA CALS;RUA JÚLIA VASCONCELOS, 67;TAUAPE;-3,75601;-38,50661;ATIVA;DIRETA/MUNICIPAL;96
2;450;7;CENTRO DE EDUCACAO INFANTIL PROFESSOR FRANCISCO MAURICIO DE MATTOS DOURADO;RUA B, 50 (LOTEAMENTO PARQUE AMARALINA);ENGENHEIRO LUCIANO CAVALCANTE;-3,77201;-38,4795;ATIVA;DIRETA/MUNICIPAL;76
2;467;2;CENTRO DE EDUCACAO INFANTIL ALMERINDA DE ALBUQUERQUE;TRAV. LIBERTADORES, 57;TAUAPE;-3,76127;-38,51371;ATIVA;DIRETA/MUNICIPAL;51
2;477;2;CENTRO DE EDUCACAO INFANTIL GODOFREDO DE CASTRO FILHO;AV. JOSÉ SABÓIA, 905;CAIS DO PORTO;-3,71762;-38,46526;ATIVA;DIRETA/MUNICIPAL;180
2;486;2;CENTRO DE EDUCACAO INFANTIL MENINO MALUQUINHO;RUA DOUTOR JOSÉ LINO, 980;VARJOTA;-3,73087;-38,48282;ATIVA;DIRETA/MUNICIPAL;60
2;495;2;CENTRO DE EDUCACAO INFANTIL PROFESSORA BELARMINA CAMPOS;RUA DOUTOR MANOEL RODRIGUES MONTEIRO, 840;VICENTE PINZON;-3,72569;-38,46668;ATIVA;DIRETA/MUNICIPAL;321
2;496;2;CENTRO DE EDUCACAO INFANTIL DARCY RIBEIRO;RUA FAUSTO CABRAL, 357;PAPICU;-3,73293;-38,4784;ATIVA;DIRETA/MUNICIPAL;225
2;560;7;CRECHE VIDA VIDEIRA;RUA DR. ERNESTO MONTEIRO, 2990;SAPIRANGA;-3,80055;-38,46913;ATIVA;PARCERIA/CONVENIADA;60
2;569;2;CRECHE SONHO INFANTIL;RUA ESTRELA DO ORIENTE, 151;VICENTE PINZON;-3,72731;-38,47499;ATIVA;PARCERIA/CONVENIADA;156
2;570;2;CRECHE SAO GABRIEL;RUA ANA GONÇALVES, 141;TAUAPE;-3,75992;-38,51504;ATIVA;PARCERIA/CONVENIADA;96
2;643;2;CRECHE FILIPPO SMALDONE;RUA ADOLFO SIQUEIRA, 273;JOAQUIM TAVORA;-3,74329;-38,51839;ATIVA;PARCERIA/CONVENIADA;74
2;763;2;CENTRO DE EDUCACAO INFANTIL PADRE JOSE NILSON;RUA AÍDA BALAIO, 100;VICENTE PINZON;-3,72732;-38,47853;ATIVA;DIRETA/MUNICIPAL;187
2;773;7;CRECHE SAMURA;RUA EUCLIDES ONOFRE DE SOUSA, 1500;SAPIRANGA;-3,79679;-38,47408;ATIVA;PARCERIA/CONVENIADA;56
2;774;2;CRECHE CASA DE AFONSO E MARIA;RUA DOS ESTAFETAS, 10;VICENTE PINZON;-3,7273;-38,46689;ATIVA;PARCERIA/CONVENIADA;76
2;784;2;ESCOLA MUNICIPAL DE TEMPO INTEGRAL AMBIENTAL DRA. FRANCISCA DE ASSIS CANITO DA FROTA;RUA MONSENHOR SALAZAR, 2432;TAUAPE;-3,75617;-38,50234;ATIVA;DIRETA/MUNICIPAL;270
2;787;2;CENTRO DE EDUCACAO INFANTIL SAO VICENTE DE PAULO;TRAV. DO ROSÁRIO, 24;ALDEOTA;-3,74489;-38,49687;ATIVA;DIRETA/MUNICIPAL;62
2;789;2;CENTRO DE EDUCACAO INFANTIL JOSE DIAS MACEDO;RUA JAGUARIBE, 77;ALDEOTA;-3,73189;-38,50391;ATIVA;DIRETA/MUNICIPAL;108
2;793;7;CRECHE TIA KAROL;RUA FIRMO ANANIAS CARDOSO, 2540;SAPIRANGA;-3,79785;-38,4654;ATIVA;PARCERIA/CONVENIADA;96
2;843;7;CRECHE NOVIDADE DE VIDA;RUA DR. WALDEMAR DE ALCÂNTARA, 2535;SAPIRANGA;-3,79776;-38,46169;ATIVA;PARCERIA/CONVENIADA;100
2;879;7;ESCOLA MUNICIPAL JOHNSON;RUA DOUTORA SOCORRO AZEVEDO, 461;ENGENHEIRO LUCIANO CAVALCANTE;-3,76766;-38,49389;ATIVA;DIRETA/MUNICIPAL;778
2;978;7;CENTRO DE EDUCACAO INFANTIL ANTONIA AGOSTINHO DE SOUSA;RUA TUIUIÚ, S/N;EDSON QUEIROZ;-3,77301;-38,4554;ATIVA;DIRETA/MUNICIPAL;84
2;979;2;CENTRO DE EDUCACAO INFANTIL WILMA MARIA DE VASCONCELOS LEOPERCIO;RUA DR. FRANCISCO MATOS, S/N;PAPICU;-3,74421;-38,46897;ATIVA;DIRETA/MUNICIPAL;84
2;980;7;CENTRO DE EDUCACAO INFANTIL DEPUTADO EDSON QUEIROZ FILHO;RUA JAIME ALMEIDA, S/N;EDSON QUEIROZ;-3,77374;-38,46887;ATIVA;DIRETA/MUNICIPAL;160
2;982;7;CENTRO DE EDUCACAO INFANTIL MARIA DAS DORES BEZERRA DE CARVALHO;RUA MANUEL BERNARDO, 11;SAPIRANGA;-3,80444;-38,46121;ATIVA;DIRETA/MUNICIPAL;120
2;991;2;CENTRO DE EDUCACAO INFANTIL RACHEL GUIMARAES MARTINS BARBOSA;VIA LOCAL LESTE OESTE 02, S/N;CAIS DO PORTO;-3,72293;-38,47276;ATIVA;DIRETA/MUNICIPAL;184
2;1033;7;CENTRO DE EDUCACAO INFANTIL ESMERINDA SOARES DA SILVA;RUA AURISTELA MAIA FARIAS, S/N;ENGENHEIRO LUCIANO CAVALCANTE;-3,77243;-38,49129;ATIVA;DIRETA/MUNICIPAL;184
2;1038;2;CENTRO DE EDUCACAO INFANTIL MARIA FERREIRA DIAS;AV. ZEZÉ DIOGO, S/N;CAIS DO PORTO;-3,71431;-38,46633;ATIVA;DIRETA/MUNICIPAL;176
2;1116;2;ESCOLA MUNICIPAL DE TEMPO INTEGRAL VEREADOR ALBERTO GOMES DE QUEIROZ;AV. ZEZÉ DIOGO, 782;CAIS DO PORTO;-3,71364;-38,46661;ATIVA;DIRETA/MUNICIPAL;420
2;1118;7;CENTRO DE EDUCACAO INFANTIL PAULO CESAR FEITOSA;RUA SOLON CARVALHO, S/N;CIDADE 2000;-3,75284;-38,47289;ATIVA;DIRETA/MUNICIPAL;184
3;85;3;ESCOLA MUNICIPAL PADRE JOSEFINO CABRAL;AV. SARGENTO HERMÍNIO, 5598;ANTONIO BEZERRA;-3,73381;-38,58906;ATIVA;DIRETA/MUNICIPAL;278
3;86;3;ESCOLA MUNICIPAL PROFESSOR CLODOALDO PINTO;RUA BANVARTH BEZERRA, 100;PADRE ANDRADE;-3,73096;-38,58127;ATIVA;DIRETA/MUNICIPAL;395
3;89;3;ESCOLA MUNICIPAL ANTONIO SALES;RUA TAVARES IRACEMA, 675;RODOLFO TEOFILO;-3,74843;-38,55737;ATIVA;DIRETA/MUNICIPAL;446
3;90;11;ESCOLA MUNICIPAL AUTRAN NUNES;RUA VIRGÍLIO BRANDÃO, S/N;AUTRAN NUNES;-3,74941;-38,59586;ATIVA;DIRETA/MUNICIPAL;555
3;91;11;ESCOLA MUNICIPAL DONA DAGMAR GENTIL;RUA VITÓRIA, 1740;JOAO XXIII;-3,76803;-38,59032;ATIVA;DIRETA/MUNICIPAL;555
3;93;11;ESCOLA MUNICIPAL BERGSON GURJAO FARIAS;AV. SENADOR FERNANDES TÁVORA, 2500;HENRIQUE JORGE;-3,75643;-38,59218;ATIVA;DIRETA/MUNICIPAL;830
3;100;3;ESCOLA MUNICIPAL FREI LAURO SCHWARTE;RUA ANTONIO POMPEU, 2005;FARIAS BRITO;-3,73205;-38,54123;ATIVA;DIRETA/MUNICIPAL;675
3;102;11;ESCOLA MUNICIPAL JOSE NAURI BRAGA;RUA LILIA ABREU, 231;BELA VISTA;-3,74972;-38,56663;ATIVA;DIRETA/MUNICIPAL;425
3;104;3;ESCOLA MUNICIPAL NARCISA BORGES;TRAV. COSTA RICA, S/N;PADRE ANDRADE;-3,73925;-38,57997;ATIVA;DIRETA/MUNICIPAL;276
3;109;11;ESCOLA MUNICIPAL PADRE ARIMATEIA DINIZ;RUA 810, S/N;CONJUNTO CEARA;-3,76832;-38,59913;ATIVA;DIRETA/MUNICIPAL;615
3;115;11;ESCOLA MUNICIPAL PAULO SARASATE;RUA PEDRO MUNIZ, 250;DEMOCRITO ROCHA;-3,76397;-38,56317;ATIVA;DIRETA/MUNICIPAL;640
3;124;11;ESCOLA MUNICIPAL MANOEL CAETANO DE SOUZA;RUA SANTA LÚCIA, 211;GENIBAU;-3,7627;-38,59634;ATIVA;DIRETA/MUNICIPAL;550
3;126;11;ESCOLA MUNICIPAL JOSE BONIFACIO DE SOUSA;RUA PERNAMBUCO, 600;DEMOCRITO ROCHA;-3,75713;-38,57179;ATIVA;DIRETA/MUNICIPAL;1120
3;128;11;ESCOLA MUNICIPAL GOVERNADOR FAUSTINO DE ALBUQUERQUE;RUA 143, 155;CONJUNTO CEARA;-3,77199;-38,60792;ATIVA;DIRETA/MUNICIPAL;665
3;132;11;ESCOLA MUNICIPAL PRESIDENTE KENNEDY;AV. LINEU MACHADO, 811;JOQUEI CLUBE;-3,76816;-38,57768;ATIVA;DIRETA/MUNICIPAL;785
3;134;3;ESCOLA MUNICIPAL GUSTAVO BARROSO;RUA ERETIDES MARTINS, 26;SAO GERARDO;-3,73261;-38,55791;ATIVA;DIRETA/MUNICIPAL;585
3;136;11;ESCOLA MUNICIPAL PROFESSORA MARIA LIDUINA CORREA LEITE;RUA FERNÃO MAGALHÃES, 120;PICI;-3,74909;-38,56982;ATIVA;DIRETA/MUNICIPAL;570
3;140;3;ESCOLA MUNICIPAL LENIRA JUREMA DE MAGALHAES;RUA TEÓFILO GURGEL, 111;MONTE CASTELO;-3,72614;-38,5462;ATIVA;DIRETA/MUNICIPAL;585
3;151;3;ESCOLA MUNICIPAL SAO CARLOS;TV. BRASIL, 120;QUINTINO CUNHA;-3,73729;-38,59849;ATIVA;DIRETA/MUNICIPAL;410
3;155;11;ESCOLA MUNICIPAL DOM JOSE TUPINAMBA DA FROTA;RUA VIRIATO RIBEIRO, 1031;BELA VISTA;-3,74947;-38,56237;ATIVA;DIRETA/MUNICIPAL;495
3;185;11;ESCOLA MUNICIPAL MURILO AGUIAR;RUA 24 DE OUTUBRO, 655;GENIBAU;-3,7549;-38,60302;ATIVA;DIRETA/MUNICIPAL;700
3;186;11;ESCOLA MUNICIPAL SANTA MARIA;RUA CUIABÁ, 1465;HENRIQUE JORGE;-3,76449;-38,5878;ATIVA;DIRETA/MUNICIPAL;840
3;187;3;ESCOLA MUNICIPAL FAUSTINO DE ALBUQUERQUE;RUA AMARO CAVALCANTE, 221;MONTE CASTELO;-3,72413;-38,55414;ATIVA;DIRETA/MUNICIPAL;437
3;191;3;ESCOLA MUNICIPAL DE TEMPO INTEGRAL PROFESSOR JOAQUIM FRANCISCO DE SOUSA FILHO;RUA JOAQUIM MARQUES, 13;PRESIDENTE KENNEDY;-3,73067;-38,57058;ATIVA;DIRETA/MUNICIPAL;385
3;197;11;ESCOLA MUNICIPAL JOSE BATISTA DE OLIVEIRA;RUA GOIÁS, S/N;PANAMERICANO;-3,75732;-38,56534;ATIVA;DIRETA/MUNICIPAL;865
3;206;11;ESCOLA MUNICIPAL DOLORES ALCANTARA;RUA AZEVEDO BARRETO, 33;AUTRAN NUNES;-3,74966;-38,59251;ATIVA;DIRETA/MUNICIPAL;840
3;210;3;ESCOLA MUNICIPAL SAO JOSE;AV. DOUTOR THEBERGE, 2288;PRESIDENTE KENNEDY;-3,72461;-38,56861;ATIVA;DIRETA/MUNICIPAL;455
3;212;3;ESCOLA MUNICIPAL GABRIEL CAVALCANTE;QUADRA F, 167 (CONJUNTO PRESIDENTE CASTELO BRANCO);PRESIDENTE KENNEDY;-3,72946;-38,57064;ATIVA;DIRETA/MUNICIPAL;777
3;215;11;ESCOLA MUNICIPAL PROFESSOR JOSE SOBREIRA DE AMORIM;RUA ESTRADA DO PICI, 1083;HENRIQUE JORGE;-3,76478;-38,57915;ATIVA;DIRETA/MUNICIPAL;619
3;216;3;ESCOLA MUNICIPAL MONSENHOR LINHARES;RUA PROFESSOR LINO ENCARNAÇÃO, 1130;PARQUELANDIA;-3,74537;-38,56008;ATIVA;DIRETA/MUNICIPAL;790
3;230;3;ESCOLA MUNICIPAL JOSE CARLOS DA COSTA RIBEIRO;RUA PIO SARAIVA, 335;QUINTINO CUNHA;-3,73716;-38,59925;ATIVA;DIRETA/MUNICIPAL;830
3;236;11;ESCOLA MUNICIPAL DE TEMPO INTEGRAL PROFESSOR ADEMAR NUNES BATISTA;RUA 1159 , 100;CONJUNTO CEARA;-3,76258;-38,61189;ATIVA;DIRETA/MUNICIPAL;350
3;237;11;ESCOLA MUNICIPAL EDILSON BRASIL SOAREZ;RUA 303D, 67;CONJUNTO CEARA;-3,7736;-38,61392;ATIVA;DIRETA/MUNICIPAL;700
3;243;11;ESCOLA MUNICIPAL NILSON HOLANDA;RUA VIRIATO RIBEIRO, 890;BELA VISTA;-3,74927;-38,56172;ATIVA;DIRETA/MUNICIPAL;630
3;244;11;ESCOLA MUNICIPAL SANTA LUZIA;RUA CORONEL FRANCISCO BENTO, 16;DOM LUSTOSA;-3,74987;-38,591;ATIVA;DIRETA/MUNICIPAL;516
3;248;11;ESCOLA MUNICIPAL PROFESSOR JOSE MILITAO DE ALBUQUERQUE;RUA 1145, 14;CONJUNTO CEARA;-3,75948;-38,61049;ATIVA;DIRETA/MUNICIPAL;750
3;267;11;ESCOLA MUNICIPAL JOAO PAULO II;AV. C, 1381;CONJUNTO CEARA;-3,77074;-38,61374;ATIVA;DIRETA/MUNICIPAL;615
3;272;11;ESCOLA MUNICIPAL JOAO NUNES PINHEIRO;AV. F, 550;CONJUNTO CEARA;-3,7653;-38,60488;ATIVA;DIRETA/MUNICIPAL;625
3;275;11;ESCOLA MUNICIPAL PROFESSOR AMERICO BARREIRA;RUA RICARDO PONTES, 529;GENIBAU;-3,76273;-38,59988;ATIVA;DIRETA/MUNICIPAL;1058
3;288;3;ESCOLA MUNICIPAL SAO RAIMUNDO;RUA ALEXANDRÉ BARAÚNA, 1450;RODOLFO TEOFILO;-3,74533;-38,55441;ATIVA;DIRETA/MUNICIPAL;490
3;296;3;ESCOLA MUNICIPAL MARIA CARDOSO;RUA FRANCISQUINHA PORTELA, 1151;QUINTINO CUNHA;-3,72622;-38,59849;ATIVA;DIRETA/MUNICIPAL;433
3;305;11;ESCOLA MUNICIPAL JOAO FREDERICO FERREIRA GOMES;RUA JOSÉ MENDONÇA, 1150;GENIBAU;-3,75359;-38,60125;ATIVA;DIRETA/MUNICIPAL;775
3;307;3;ESCOLA MUNICIPAL PROFESSOR DENIZARD MACEDO DE ALCANTARA;RUA MATOSO FILHO, 450;OLAVO OLIVEIRA;-3,7315;-38,58902;ATIVA;DIRETA/MUNICIPAL;907
3;328;11;ESCOLA MUNICIPAL IRMA MARIA EVANETE;AV. D, 1015;CONJUNTO CEARA;-3,76085;-38,60321;ATIVA;DIRETA/MUNICIPAL;600
3;329;3;ESCOLA MUNICIPAL DEPUTADO GERONCIO BEZERRA;TV. MANUEL NUNES, 42;ANTONIO BEZERRA;-3,73628;-38,59063;ATIVA;DIRETA/MUNICIPAL;215
3;330;3;ESCOLA MUNICIPAL PROFESSOR MARTINZ DE AGUIAR;RUA BERNARDO PORTO, 470;MONTE CASTELO;-3,72218;-38,55739;ATIVA;DIRETA/MUNICIPAL;665
3;332;11;ESCOLA MUNICIPAL MURILO SERPA;RUA MONSENHOR HIPÓLITO BRASIL, 1400;DOM LUSTOSA;-3,75588;-38,58395;ATIVA;DIRETA/MUNICIPAL;575
3;354;11;ESCOLA MUNICIPAL ADROALDO TEIXEIRA CASTELO;RUA ALAGOAS, 2267;PICI;-3,75562;-38,57514;ATIVA;DIRETA/MUNICIPAL;1058
3;361;3;ESCOLA MUNICIPAL PROFESSOR GERARDO MILTON DE SA;RUA DOUTOR VALE COSTA, 668;ANTONIO BEZERRA;-3,7422;-38,58932;ATIVA;DIRETA/MUNICIPAL;905
3;395;11;CENTRO DE EDUCACAO INFANTIL PAULO SARASATE;RUA PEDRO MUNIZ, 250;DEMOCRITO ROCHA;-3,7644;-38,56314;ATIVA;DIRETA/MUNICIPAL;70
3;401;3;CENTRO DE EDUCACAO INFANTIL JOSE CARLOS DA COSTA RIBEIRO;TV. BRASIL, 70;QUINTINO CUNHA;-3,73745;-38,59884;ATIVA;DIRETA/MUNICIPAL;76
3;404;11;CENTRO DE EDUCACAO INFANTIL ANTONIA NATHALIA CRISTINA CHAVES MACIEL;RUA 910, S/N;CONJUNTO CEARA;-3,77441;-38,61844;ATIVA;DIRETA/MUNICIPAL;297
3;410;11;CENTRO DE EDUCACAO INFANTIL PROFESSOR JOSE SOBREIRA DE AMORIM;RUA ESTRADA DO PICI, 1083;HENRIQUE JORGE;-3,76482;-38,57948;ATIVA;DIRETA/MUNICIPAL;240
3;423;11;CENTRO DE EDUCACAO INFANTIL JOSE BATISTA DE OLIVEIRA;RUA MINAS GERAIS, S/N;PANAMERICANO;-3,75748;-38,56574;ATIVA;DIRETA/MUNICIPAL;80
3;442;11;CENTRO DE EDUCACAO INFANTIL MURILO SERPA;AV. CORONEL MATOS DOURADO, S/N;PICI;-3,75234;-38,58261;ATIVA;DIRETA/MUNICIPAL;320
3;443;11;CENTRO DE EDUCACAO INFANTIL MURILO SERPA - UNID II;AV. CORONEL MATOS DOURADO, S/N;ANTONIO BEZERRA;-3,75296;-38,58235;ATIVA;DIRETA/MUNICIPAL;80
3;445;3;CENTRO DE EDUCACAO INFANTIL PROFESSOR MARTINZ DE AGUIAR;RUA BERNARDO PORTO, 490;MONTE CASTELO;-3,72271;-38,55724;ATIVA;DIRETA/MUNICIPAL;160
3;459;3;CENTRO DE EDUCACAO INFANTIL PROFESSOR CLODOALDO PINTO;RUA BARVARTH BEZERRA, 100;PADRE ANDRADE;-3,73074;-38,58093;ATIVA;DIRETA/MUNICIPAL;213
3;460;3;CENTRO DE EDUCACAO INFANTIL JOAQUIM NOGUEIRA;RUA SÃO VICENTE DE PAULA, 250A;ANTONIO BEZERRA;-3,73867;-38,59579;ATIVA;DIRETA/MUNICIPAL;76
3;473;11;CENTRO DE EDUCACAO INFANTIL DOM JOSE TUPINAMBA DA FROTA;RUA RIO GRANDE DO SUL, S/N;BELA VISTA;-3,75039;-38,56261;ATIVA;DIRETA/MUNICIPAL;80
3;475;3;CENTRO DE EDUCACAO INFANTIL SAO CARLOS;RUA DOS PESCADORES, 188;QUINTINO CUNHA;-3,73248;-38,60204;ATIVA;DIRETA/MUNICIPAL;340
3;485;3;CENTRO DE EDUCACAO INFANTIL ROCHA LIMA;RUA ERETIDES MARTINS, 977;SAO GERARDO;-3,72752;-38,55933;ATIVA;DIRETA/MUNICIPAL;136
3;488;3;ESCOLA MUNICIPAL HONORIO BEZERRA;RUA CAPITÃO NESTOR GÓIS, 400;ELLERY;-3,72319;-38,56147;ATIVA;DIRETA/MUNICIPAL;305
3;489;11;CENTRO DE EDUCAÇÃO INFANTIL SANTA MARIA;RUA CUIABÁ, 1465;HENRIQUE JORGE;-3,7648;-38,58819;ATIVA;DIRETA/MUNICIPAL;160
3;490;11;CENTRO DE EDUCACAO INFANTIL MURILO AGUIAR;RUA 24 DE OUTUBRO, 1063;GENIBAU;-3,75602;-38,60325;ATIVA;DIRETA/MUNICIPAL;280
3;525;11;CRECHE ESTRELA DA MANHA;RUA CUIABÁ, 2265;HENRIQUE JORGE;-3,76146;-38,59348;ATIVA;PARCERIA/CONVENIADA;96
3;531;11;CRECHE NOSSA SENHORA DE FATIMA;RUA 1107, S/N;CONJUNTO CEARA;-3,76327;-38,61193;ATIVA;PARCERIA/CONVENIADA;76
3;534;3;CRECHE CRIANCA FELIZ;RUA PIO SARAIVA, 168;QUINTINO CUNHA;-3,73611;-38,59989;ATIVA;PARCERIA/CONVENIADA;76
3;536;11;CRECHE IRMAOS FIRMO;RUA 1096, 34;CONJUNTO CEARA;-3,77259;-38,61703;ATIVA;PARCERIA/CONVENIADA;96
3;540;3;CRECHE NOVA VIDA;AV. GONÇALVES DIAS, 449;RODOLFO TEOFILO;-3,74342;-38,55463;ATIVA;PARCERIA/CONVENIADA;56
3;553;11;CRECHE MARIA DA HORA;AV. CEL. DE MATOS DOURADO, 397;HENRIQUE JORGE;-3,75651;-38,58377;ATIVA;PARCERIA/CONVENIADA;116
3;563;11;CRECHE SEMENTE DA LIBERDADE;RUA MESTRE ANDRÉ, 155;GENIBAU;-3,74992;-38,60042;ATIVA;PARCERIA/CONVENIADA;80
3;565;11;CRECHE TIA EURICE;RUA DIOGO CORREIA, 1863;JOAO XXIII;-3,76776;-38,59142;ATIVA;PARCERIA/CONVENIADA;96
3;566;11;CRECHE PEQUENA BIA;RUA BARÃO DE COTEGIPE, 522;AUTRAN NUNES;-3,75267;-38,5976;ATIVA;PARCERIA/CONVENIADA;132
3;574;11;CRECHE PARAISO;RUA BENJAMIN CONSTANT, 497;PICI;-3,74902;-38,5686;ATIVA;PARCERIA/CONVENIADA;76
3;575;11;CRECHE TIA MARIQUINHA;RUA LORENA, 220;PICI;-3,75055;-38,5703;ATIVA;PARCERIA/CONVENIADA;96
3;577;3;CRECHE FAVO DE MEL;RUA DOUTOR ALMEIDA FILHO, 326;MONTE CASTELO;-3,72217;-38,55951;ATIVA;PARCERIA/CONVENIADA;76
3;580;3;CRECHE APRISCO;RUA MONSENHOR FURTADO, 759;RODOLFO TEOFILO;-3,74584;-38,54876;ATIVA;PARCERIA/CONVENIADA;96
3;747;11;CRECHE ESPACO DA SABEDORIA;RUA TOMÁS CAVALCANTE, 72;AUTRAN NUNES;-3,75008;-38,59522;ATIVA;PARCERIA/CONVENIADA;76
3;766;11;CENTRO DE EDUCACAO INFANTIL MARIA TEREZINHA DE CARVALHO HOLANDA;AV I, S/N;GENIBAU;-3,76816;-38,59676;ATIVA;DIRETA/MUNICIPAL;252
3;779;11;CENTRO DE EDUCACAO INFANTIL BERGSON GURJAO DE FARIAS;AV. SENADOR FERNANDES TÁVORA, 2500;HENRIQUE JORGE;-3,75587;-38,59201;ATIVA;DIRETA/MUNICIPAL;144
3;783;11;ESCOLA MUNICIPAL DE TEMPO INTEGRAL PROFESSOR JOSE JULIO DA PONTE;RUA MÁRIO DE ANDRADE, S/N;BELA VISTA;-3,75006;-38,56222;ATIVA;DIRETA/MUNICIPAL;280
3;795;3;CRECHE NOSSA SENHORA DO LIBANO;RUA PASTOR SAMUEL MUNGUBA, 1431;RODOLFO TEOFILO;-3,75069;-38,55169;ATIVA;PARCERIA/CONVENIADA;96
3;827;3;CENTRO DE EDUCACAO INFANTIL ALTAMIR FERNANDES CORREA LEITE;TRAV. QUÊNIA, 50;PADRE ANDRADE;-3,73997;-38,58156;ATIVA;DIRETA/MUNICIPAL;75
3;835;11;CENTRO DE EDUCAÇÃO INFANTIL JORNALISTA NENO CAVALCANTE;RUA 725, S/N;CONJUNTO CEARA;-3,77215;-38,60272;ATIVA;DIRETA/MUNICIPAL;296
3;844;3;CRECHE SEMEANDO O SABER;RUA MAJOR CELESTINO, 1040;ANTONIO BEZERRA;-3,74346;-38,5933;ATIVA;PARCERIA/CONVENIADA;136
3;859;11;CENTRO DE EDUCACAO INFANTIL ANTONIO VALDINAR DE CARVALHO CUSTODIO;RUA 202, S/N;CONJUNTO CEARA;-3,7649;-38,60872;ATIVA;DIRETA/MUNICIPAL;296
3;881;3;CRECHE VO MARIA DA PENHA;QUADRA E, 136 (CONJUNTO CASTELO BRANCO);PRESIDENTE KENNEDY;-3,72952;-38,56986;ATIVA;PARCERIA/CONVENIADA;76
3;945;11;ESCOLA MUNICIPAL DE TEMPO INTEGRAL PROFESSOR PRISCO BEZERRA;AV. F, 702;CONJUNTO CEARA;-3,76672;-38,60412;ATIVA;DIRETA/MUNICIPAL;560
3;975;11;CRECHE TIA NEIDE;RUA 448F, S/N;CONJUNTO CEARA;-3,76103;-3860537;ATIVA;PARCERIA/CONVENIADA;60
3;985;11;ESCOLA MUNICIPAL DE TEMPO INTEGRAL MARIA DA HORA;RUA RAIMUNDO RIBEIRO, 402;AUTRAN NUNES;-3,75403;-38,59533;ATIVA;DIRETA/MUNICIPAL;420
3;1015;3;CENTRO DE EDUCACAO INFANTIL FRANCISCO EURIVA MATIAS;RUA FREI MARCELINO, S/N;RODOLFO TEOFILO;-3,74527;-38,55413;ATIVA;DIRETA/MUNICIPAL;224
3;1021;11;CRECHE CONSTRUINDO O SABER;RUA DESEMBARGADOR FELISMINO, 219;AUTRAN NUNES;-3,75024;-38,59705;ATIVA;PARCERIA/CONVENIADA;96
3;1025;11;CRECHE TIA NINO;RUA PROFESSOR VIRGÍLIO MORAIS, 851;AUTRAN NUNES;-3,75648;-38,5975;ATIVA;PARCERIA/CONVENIADA;96
3;1107;11;CENTRO DE EDUCACAO INFANTIL MARIA DA CONCEICAO HOLANDA CAVALCANTE;RUA JOCKEY CLUB, S/N;HENRIQUE JORGE;-3,75982;-38,58346;ATIVA;DIRETA/MUNICIPAL;184
3;1111;3;ESCOLA MUNICIPAL DE TEMPO INTEGRAL JOSE CARLOS DE OLIVEIRA NETO;RUA SÃO VICENTE DE PAULO, S/N;ANTONIO BEZERRA;-3,73833;-38,59518;ATIVA;DIRETA/MUNICIPAL;595
3;1120;11;CRECHE AQUARELA;RUA DIOGO CORREIA, 684;JOAO XXIII;-3,76831;-38,59119;ATIVA;PARCERIA/CONVENIADA;76
3;1122;3;CRECHE CASARAO DA CRIANCA;RUA CEL. JOAQUIM FRANKLIN, 733;ANTONIO BEZERRA;-3,743486;-38,593354;ATIVA;PARCERIA/CONVENIADA;75
3;1140;3;CRECHE GERALDA BERTINI;AV. MISTER HULL, 5437;ANTONIO BEZERRA;-3,74031;-38,59313;ATIVA;PARCERIA/CONVENIADA;96
4;87;8;ESCOLA MUNICIPAL RACHEL DE QUEIROZ*;AV. C, 559;PREFEITO JOSE WALTER;-3,82909;-38,55693;ATIVA;DIRETA/MUNICIPAL;605
4;88;8;ESCOLA MUNICIPAL MONTEIRO LOBATO;RUA 83, 181;PREFEITO JOSE WALTER;-3,83249;-38,55922;ATIVA;DIRETA/MUNICIPAL;335
4;97;8;ESCOLA MUNICIPAL IRMA GIULIANA GALLI;RUA ANTONIO BOTELHO, 715;SERRINHA;-3,78402;-38,54973;ATIVA;DIRETA/MUNICIPAL;322
4;101;4;ESCOLA MUNICIPAL DE TEMPO INTEGRAL CAROLINO SUCUPIRA;RUA MUNDICA PAULA, 670;ITAOCA;-3,77262;-38,55881;ATIVA;DIRETA/MUNICIPAL;270
4;110;4;ESCOLA MUNICIPAL GENERAL MANOEL CORDEIRO NETO;RUA JORGE ACÚRCIO, 900;VILA UNIAO;-3,76848;-38,53328;ATIVA;DIRETA/MUNICIPAL;595
4;116;4;ESCOLA MUNICIPAL PROFESSOR JOSE VALDEVINO DE CARVALHO;RUA GUARÁ, S/N;PARANGABA;-3,77572;-38,55893;ATIVA;DIRETA/MUNICIPAL;689
4;120;8;ESCOLA MUNICIPAL GEISA FIRMO GONCALVES;RUA ZULEICA PONTES, 1260;PLANALTO AYRTON SENNA;-3,83203;-38,56614;ATIVA;DIRETA/MUNICIPAL;504
4;127;4;ESCOLA MUNICIPAL DOM MANOEL DA SILVA GOMES;RUA SAMUEL UCHÔA, 550;BOM FUTURO;-3,75467;-38,54518;ATIVA;DIRETA/MUNICIPAL;630
4;133;8;ESCOLA MUNICIPAL WALDEMAR BARROSO;RUA CÔNEGO LIMA SUCUPIRA, 410;SERRINHA;-3,77846;-38,54906;ATIVA;DIRETA/MUNICIPAL;756
4;148;4;ESCOLA MUNICIPAL DE TEMPO INTEGRAL FILGUEIRAS LIMA;AV. DOS EXPEDICIONÁRIOS, 3910;JARDIM AMERICA;-3,75253;-38,53781;ATIVA;DIRETA/MUNICIPAL;420
4;150;8;ESCOLA MUNICIPAL DE TEMPO INTEGRAL DIOGO VITAL DE SIQUEIRA;AV. L, S/N;PREFEITO JOSE WALTER;-3,82663;-38,55495;ATIVA;DIRETA/MUNICIPAL;385
4;171;8;ESCOLA MUNICIPAL MARCOS VALENTIM PEREIRA DE SOUZA;RUA FREIRE ALEMÃO, 91;SERRINHA;-3,78305;-38,54261;ATIVA;DIRETA/MUNICIPAL;670
4;172;8;ESCOLA MUNICIPAL ZAIRA MONTEIRO GONDIM;RUA PEDRO AGUIAR, 315;ITAPERI;-3,79246;-38,54397;ATIVA;DIRETA/MUNICIPAL;518
4;173;8;ESCOLA MUNICIPAL MARIA DE CARVALHO MARTINS;AV. DOUTOR SILAS MUNGUBA, 4300;ITAPERI;-3,79172;-38,53758;ATIVA;DIRETA/MUNICIPAL;680
4;178;8;ESCOLA MUNICIPAL ARI DE SA CAVALCANTE;AV. H, 430;PREFEITO JOSE WALTER;-3,84087;-38,55935;ATIVA;DIRETA/MUNICIPAL;726
4;179;8;ESCOLA MUNICIPAL FRANCISCO NUNES CAVALCANTE;RUA POETA MÁRIO LINHARES, 561;PREFEITO JOSE WALTER;-3,82264;-38,55484;ATIVA;DIRETA/MUNICIPAL;350
4;183;8;ESCOLA MUNICIPAL THOMAZ POMPEU SOBRINHO;RUA JOSÉ MENELEU, 531;ITAPERI;-3,78479;-38,56073;ATIVA;DIRETA/MUNICIPAL;585
4;194;8;ESCOLA MUNICIPAL INFANTE ROSALINA RODRIGUES;AV. 02, 700 (LOT. AV. DOS EXPEDICIONÁRIOS);PARQUE DOIS IRMAOS;-3,80676;-38,54886;ATIVA;DIRETA/MUNICIPAL;675
4;195;8;ESCOLA MUNICIPAL PROFESSORA MARIA JOSE MACARIO COELHO;RUA BANABUIÚ, 530;PASSARE;-3,82024;-38,54275;ATIVA;DIRETA/MUNICIPAL;875
4;198;4;ESCOLA MUNICIPAL PAPA JOAO XXIII;RUA TREZE DE ABRIL, 545;VILA UNIAO;-3,76359;-38,53399;ATIVA;DIRETA/MUNICIPAL;720
4;203;8;ESCOLA MUNICIPAL ODILON GONZAGA BRAVEZA;AV. ALBERTO CRAVEIRO, 1480C;BOA VISTA / CASTELÃO;-3,79283;-38,51872;ATIVA;DIRETA/MUNICIPAL;930
4;207;4;ESCOLA MUNICIPAL MADRE TERESA DE CALCUTA;RUA GUILHERME MOREIRA, 75;FATIMA;-3,74974;-38,52192;ATIVA;DIRETA/MUNICIPAL;405
4;208;8;ESCOLA MUNICIPAL PROJETO NASCENTE;RUA BETEL, 1715;RACHEL DE QUEIROZ;-3,7945;-38,55416;ATIVA;DIRETA/MUNICIPAL;925
4;214;4;ESCOLA MUNICIPAL MOZART PINTO;RUA JORGE DUMAR, 2078;JARDIM AMERICA;-3,75412;-38,54005;ATIVA;DIRETA/MUNICIPAL;630
4;220;8;ESCOLA MUNICIPAL FRANCISCO ANDRADE TEOFILO GIRAO;RUA UNIDOS VENCEREMOS, 2040;PASSARE;-3,81743;-38,52226;ATIVA;DIRETA/MUNICIPAL;1035
4;222;8;ESCOLA MUNICIPAL PROFESSORA MARIA STELLA COCHRANE SANTIAGO;RUA ANTÔNIO FARIAS, 121;BOA VISTA / CASTELÃO;-3,79956;-38,52856;ATIVA;DIRETA/MUNICIPAL;825
4;223;8;ESCOLA MUNICIPAL MARIA ZELIA CORREIA DE SOUZA;RUA ANTÔNIO PEREIRA, 1495;PLANALTO AYRTON SENNA;-3,83113;-38,5707;ATIVA;DIRETA/MUNICIPAL;710
4;242;4;ESCOLA MUNICIPAL CATULO DA PAIXAO CEARENSE;RUA LEÃO DO NORTE, 300;VILA PERI;-3,78428;-38,57635;ATIVA;DIRETA/MUNICIPAL;420
4;245;4;ESCOLA MUNICIPAL VICENTE FIALHO;RUA IRMÃ BAZET, 193;MONTESE;-3,76142;-38,55476;ATIVA;DIRETA/MUNICIPAL;765
4;246;8;ESCOLA MUNICIPAL PROFESSOR JOAO HIPOLYTO DE AZEVEDO E SA;RUA 03, 88 (CONJUNTO NAPOLEÃO VIANA);DIAS MACEDO;-3,78857;-38,52707;ATIVA;DIRETA/MUNICIPAL;802
4;252;8;ESCOLA MUNICIPAL DELMA HERMINIA DA SILVA PEREIRA;AV. PRESIDENTE COSTA E SILVA, 5606;PREFEITO JOSE WALTER;-3,82824;-38,53048;ATIVA;DIRETA/MUNICIPAL;700
4;259;8;ESCOLA MUNICIPAL ADALBERTO STUDART FILHO;RUA DO CAMPO, 25;PLANALTO AYRTON SENNA;-3,83534;-38,57503;ATIVA;DIRETA/MUNICIPAL;500
4;261;8;ESCOLA MUNICIPAL PROFESSORA VANIA MARIA NEVES FACO BARROS;RUA 16, 30;PREFEITO JOSE WALTER;-3,83032;-38,55862;ATIVA;DIRETA/MUNICIPAL;650
4;264;8;ESCOLA MUNICIPAL ROGACIANO LEITE;RUA 45, S/N;PREFEITO JOSE WALTER;-3,83779;-38,55831;ATIVA;DIRETA/MUNICIPAL;490
4;270;4;ESCOLA MUNICIPAL HAROLDO JORGE BRAUN VIEIRA;AV. LAURO VIEIRA CHAVES, 55;VILA UNIAO;-3,77323;-38,5281;ATIVA;DIRETA/MUNICIPAL;690
4;277;8;ESCOLA MUNICIPAL ABDENAGO DA ROCHA LIMA;RUA 114, 75 (CONJUNTO TUPÃ MIRIM);PARQUE DOIS IRMAOS;-3,80169;-38,54444;ATIVA;DIRETA/MUNICIPAL;485
4;278;4;ESCOLA MUNICIPAL RAIMUNDO SOARES DE SOUZA;RUA COSTA FREIRE, 550;VILA PERI;-3,78631;-38,5795;ATIVA;DIRETA/MUNICIPAL;812
4;279;4;ESCOLA MUNICIPAL CLAUDIO MARTINS;RUA BARÃO DE CANINDÉ, S/N;ITAOCA;-3,77292;-38,55852;ATIVA;DIRETA/MUNICIPAL;750
4;294;4;ESCOLA MUNICIPAL PADRE FELICE PISTONE;RUA JÚLIO CÉSAR, 1810;BOM FUTURO;-3,75709;-38,5492;ATIVA;DIRETA/MUNICIPAL;779
4;297;8;ESCOLA MUNICIPAL ANDRE LUIS;AV. PRESIDENTE COSTA E SILVA, 5255;PASSARE;-3,82739;-38,53326;ATIVA;DIRETA/MUNICIPAL;681
4;318;8;ESCOLA MUNICIPAL MINHA VIDA MEUS AMORES;AV. D, 380 (2ª ETAPA);PREFEITO JOSE WALTER;-3,83129;-38,55599;ATIVA;DIRETA/MUNICIPAL;320
4;341;8;ESCOLA MUNICIPAL MANUEL LIMA SOARES;RUA 130, 60 (CONJUNTO TUPÃ MIRIM);PARQUE DOIS IRMAOS;-3,79921;-38,54598;ATIVA;DIRETA/MUNICIPAL;839
4;347;8;ESCOLA MUNICIPAL IMACULADA CONCEICAO;RUA 01, 10 (CONJUNTO JARDIM CASTELÃO);PASSARE;-3,82194;-38,53312;ATIVA;DIRETA/MUNICIPAL;300
4;350;8;ESCOLA MUNICIPAL SANTA TEREZINHA;AV. NORTE SUL, 145;PARQUE DOIS IRMAOS;-3,79734;-38,54932;ATIVA;DIRETA/MUNICIPAL;350
4;357;8;ESCOLA MUNICIPAL PAULO SERGIO DE SOUSA LIRA;RUA ITABORAÍ, 264;PASSARE;-3,81262;-38,51814;ATIVA;DIRETA/MUNICIPAL;425
4;358;8;ESCOLA MUNICIPAL PROFESSORA IRENE DE SOUZA PEREIRA;RUA F, S/N (LOT. EDITH BARREIRA BRAGA);PLANALTO AYRTON SENNA;-3,82568;-38,57659;ATIVA;DIRETA/MUNICIPAL;670
4;359;8;ESCOLA MUNICIPAL RAIMUNDO DE MOURA MATOS;AV. DOIS DE MAIO, 1300;PASSARE;-3,81373;-38,53747;ATIVA;DIRETA/MUNICIPAL;1290
4;373;8;CENTRO DE EDUCAÇÃO INFANTIL INFANTE ROSALINA RODRIGUES;AV. 02, 800 (LOT. AV. DOS EXPEDICIONÁRIOS);PARQUE DOIS IRMAOS;-3,80695;-38,54842;ATIVA;DIRETA/MUNICIPAL;250
4;381;8;CENTRO DE EDUCAÇÃO INFANTIL ROGACIANO LEITE;AV. J, 1488;PREFEITO JOSE WALTER;-3,83812;-38,55817;ATIVA;DIRETA/MUNICIPAL;80
4;386;4;ESCOLA MUNICIPAL DOM MANOEL DA SILVA GOMES - UNID II;AV. AGUANAMBI, 2479;JOSE BONIFACIO;-3,75896;-38,52316;ATIVA;DIRETA/MUNICIPAL;226
4;393;4;CENTRO DE EDUCACAO INFANTIL PROFESSOR JOSE VALDEVINO DE CARVALHO;AV. GODOFREDO MACIEL, 522;PARANGABA;-3,78078;-38,56539;ATIVA;DIRETA/MUNICIPAL;80
4;394;4;CENTRO DE EDUCACAO INFANTIL ALGODAO DOCE;RUA JOSÉ QUEIROZ PORTO, 25;PARANGABA;-3,77771;-38,55951;ATIVA;DIRETA/MUNICIPAL;46
4;406;8;CENTRO DE EDUCACAO INFANTIL MARIA ZELIA CORREIA DE SOUZA;RUA ANTÔNIO PEREIRA, 1495;PLANALTO AYRTON SENNA;-3,8312;-38,57036;ATIVA;DIRETA/MUNICIPAL;76
4;407;8;CENTRO DE EDUCACAO INFANTIL JORNALISTA IVONETE MAIA;RUA MANOEL DE AGUIAR PONTES, 1525;BOA VISTA / CASTELÃO;-3,80979;-38,51622;ATIVA;DIRETA/MUNICIPAL;188
4;408;8;CENTRO DE EDUCACAO INFANTIL FRANCISCO ANDRADE TEOFILO GIRAO;RUA DOM ANTÔNIO LUSTOSA, 191;PASSARE;-3,81454;-38,52352;ATIVA;DIRETA/MUNICIPAL;161
4;413;8;CENTRO DE EDUCACAO INFANTIL PROJETO NASCENTE;RUA BETEL, S/N;RACHEL DE QUEIROZ;-3,7942;-38,55384;ATIVA;DIRETA/MUNICIPAL;76
4;415;4;CENTRO DE EDUCACAO INFANTIL MADRE TERESA DE CALCUTA;RUA CAPITÃO BATISTA, S/N;FATIMA;-3,7594;-38,52093;ATIVA;DIRETA/MUNICIPAL;176
4;417;8;CENTRO DE EDUCACAO INFANTIL ODILON GONZAGA BRAVEZA;AV. ALBERTO CRAVEIRO, 1480B;BOA VISTA / CASTELÃO;-3,79287;-38,51828;ATIVA;DIRETA/MUNICIPAL;120
4;418;8;CENTRO DE EDUCACAO INFANTIL ODILON GONZAGA BRAVEZA - UNID II;RUA MAESTRO NÉO MIRANDA, 220;BOA VISTA / CASTELÃO;-3,80088;-38,51802;ATIVA;DIRETA/MUNICIPAL;100
4;421;4;CENTRO DE EDUCACAO INFANTIL TEODORICO BARROSO;RUA HELVÉCIO MONTE, 751;VILA UNIAO;-3,76643;-38,53617;ATIVA;DIRETA/MUNICIPAL;69
4;422;4;CENTRO DE EDUCACAO INFANTIL PAPA JOAO XXIII;RUA TREZE DE ABRIL, 595 A;VILA UNIAO;-3,76335;-38,53447;ATIVA;DIRETA/MUNICIPAL;76
4;424;4;CENTRO DE EDUCACAO INFANTIL VICENTE FIALHO;RUA IRMÃ BAZET, 193;MONTESE;-3,76187;-38,55492;ATIVA;DIRETA/MUNICIPAL;80
4;425;8;CENTRO DE EDUCACAO INFANTIL MARIA DAS DORES DE SOUSA SILVA;RUA MARIA MIRTES PEREIRA, 1005;PASSARE;-3,81317;-38,53794;ATIVA;DIRETA/MUNICIPAL;160
4;436;8;CENTRO DE EDUCACAO INFANTIL MANUEL LIMA SOARES;RUA 130, 60 (CONJUNTO TUPÃ MIRIM);PARQUE DOIS IRMAOS;-3,79925;-38,5468;ATIVA;DIRETA/MUNICIPAL;76
4;457;8;CENTRO DE EDUCACAO INFANTIL PEDRO BOCA RICA;RUA D, 235 (LOT. PARQUE MONTENEGRO II);PREFEITO JOSE WALTER;-3,83902;-38,55207;ATIVA;DIRETA/MUNICIPAL;236
4;458;8;CENTRO DE EDUCACAO INFANTIL RACHEL DE QUEIROZ *;RUA 41, S/N;PREFEITO JOSE WALTER;-3,82957;-38,55718;ATIVA;DIRETA/MUNICIPAL;76
4;464;8;CENTRO DE EDUCACAO INFANTIL MARIA DE CARVALHO MARTINS;RUA GIRASSOL, 649;ITAPERI;-3,7921;-38,53792;ATIVA;DIRETA/MUNICIPAL;80
4;465;8;CENTRO DE EDUCACAO INFANTIL MARCOS VALENTIM PEREIRA DE SOUZA;RUA FREIRE ALEMÃO, 91;SERRINHA;-3,7827;-38,54262;ATIVA;DIRETA/MUNICIPAL;80
4;476;4;CENTRO DE EDUCACAO INFANTIL FILGUEIRAS LIMA;RUA MAJOR WEYNE, 100;JARDIM AMERICA;-3,75258;-38,53864;ATIVA;DIRETA/MUNICIPAL;96
4;491;8;CENTRO DE EDUCACAO INFANTIL PADRE MARCELINO ZANELLA;RUA INGLATERRA, 222;ITAPERI;-3,78236;-38,56152;ATIVA;DIRETA/MUNICIPAL;120
4;522;8;CRECHE GIULIANA GALLI;RUA PADRE NÓBREGA, S/N;SERRINHA;-3,78266;-38,55012;ATIVA;PARCERIA/CONVENIADA;72
4;537;8;CRECHE RENASCER;AV. ALBERTO CRAVEIRO, 2222;BOA VISTA / CASTELÃO;-3,79312;-38,51512;ATIVA;PARCERIA/CONVENIADA;96
4;538;8;CRECHE REGINA DE FATIMA;RUA G, S/N (CONJ. BARROSO II);BARROSO;-3,81242;-38,52627;ATIVA;PARCERIA/CONVENIADA;76
4;539;8;CRECHE NOVO AMANHECER;RUA CHICO MENDES, 110;PASSARE;-3,81405;-38,52778;ATIVA;PARCERIA/CONVENIADA;76
4;544;8;CRECHE SEMENTE DO AMANHA;RUA CAPITÃO JOÃO FERREIRA, 954;DIAS MACEDO;-3,78546;-38,52784;ATIVA;PARCERIA/CONVENIADA;72
4;545;8;CRECHE RAINHA DA PAZ;RUA TORRES DE MELO, 689;DIAS MACEDO;-3,78974;-38,52157;ATIVA;PARCERIA/CONVENIADA;76
4;546;4;CRECHE PARAISO DA CRIANCA;RUA EINSTEIN, 6;VILA PERI;-3,78559;-38,57771;ATIVA;PARCERIA/CONVENIADA;76
4;548;8;CRECHE INES BRASIL;RUA MENOR JERÔNIMO, 105;PASSARE;-3,81239;-38,53692;ATIVA;PARCERIA/CONVENIADA;97
4;567;8;CRECHE VO ESTEFANIA;AV. E, 635;PREFEITO JOSE WALTER;-3,83392;-38,55938;ATIVA;PARCERIA/CONVENIADA;56
4;579;8;CRECHE ANDRE LUIS;AV. PRESIDENTE COSTA E SILVA, 5255;PASSARE;-3,82775;-38,53329;ATIVA;PARCERIA/CONVENIADA;116
4;622;8;CENTRO DE EDUCACAO INFANTIL MARIA DE CARVALHO MARTINS - UNID II;RUA VI, S/N (CONJUNTO OITO DE SETEMBRO);SERRINHA;-3,7904;-38,53482;ATIVA;DIRETA/MUNICIPAL;172
4;702;8;ESCOLA MUNICIPAL DE TEMPO INTEGRAL EDUCACAO BILINGUE FRANCISCO SUDERLAND BASTOS MOTA;AV. BERNARDO MANUEL, 9970A;PARQUE DOIS IRMAOS;-3,80518;-38,55373;ATIVA;DIRETA/MUNICIPAL;87
4;748;8;CRECHE AMANHECER FELIZ;AV. K, 50;PREFEITO JOSE WALTER;-3,82334;-38,55401;ATIVA;PARCERIA/CONVENIADA;76
4;762;8;ESCOLA MUNICIPAL PROFESSORA VANIA MARIA NEVES FACO BARROS - UNID II;RUA 65, 250;PREFEITO JOSE WALTER;-3,8291;-38,55881;ATIVA;DIRETA/MUNICIPAL;161
4;768;8;ESCOLA MUNICIPAL DE TEMPO INTEGRAL PROFESSOR EDGAR LINHARES LIMA;RUA SANTA RITA, S/N;PLANALTO AYRTON SENNA;-3,83957;-3857136;ATIVA;DIRETA/MUNICIPAL;420
4;781;8;CENTRO DE EDUCACAO INFANTIL TEODORA MARIA DA SILVA;RUA QUATRO IRMÃOS, S/N;BOA VISTA / CASTELÃO;-3,79461;-38,51538;ATIVA;DIRETA/MUNICIPAL;156
4;782;4;CENTRO DE EDUCACAO INFANTIL FILGUEIRAS LIMA - UNID II;TRAV. NOVA AURORA, 96;JARDIM AMERICA;-3,75089;-38,53783;ATIVA;DIRETA/MUNICIPAL;116
4;833;8;CENTRO DE EDUCACAO INFANTIL AUGUSTO PONTES;RUA HOLANDA, S/N;JARDIM CEARENSE;-3,80163;-38,56005;ATIVA;DIRETA/MUNICIPAL;276
4;836;8;CENTRO DE EDUCACAO INFANTIL AUDIFAX RIOS;RUA CAPRICHO, S/N;DIAS MACEDO;-3,78757;-38,52549;ATIVA;DIRETA/MUNICIPAL;136
4;839;8;CENTRO DE EDUCACAO INFANTIL PROFESSORA HELEY DE ABREU SILVA BATISTA;RUA PARAGUAÇU, S/N;SERRINHA;-3,78472;-38,53909;ATIVA;DIRETA/MUNICIPAL;172
4;846;8;CRECHE CRIANCA ESPERANCA II;RUA DO SOL, 205;PLANALTO AYRTON SENNA;-3,83652;-38,57531;ATIVA;PARCERIA/CONVENIADA;76
4;851;8;CENTRO DE EDUCACAO INFANTIL PROFESSOR ERASMO DA SILVA PITOMBEIRA;RUA E, S/N (LOT. AV. DOS EXPEDICIONÁRIOS);PARQUE DOIS IRMAOS;-3,80469;-38,54841;ATIVA;DIRETA/MUNICIPAL;256
4;874;8;ESCOLA MUNICIPAL NELSON MANDELA;AV. C, 435;PREFEITO JOSE WALTER;-3,82941;-38,55542;ATIVA;DIRETA/MUNICIPAL;560
4;882;8;CRECHE GOTAS DE AMOR;RUA ANTÔNIO BOTELHO, 715;SERRINHA;-3,78429;-38,54958;ATIVA;PARCERIA/CONVENIADA;60
4;887;8;ESCOLA MUNICIPAL HEITOR VILLA LOBOS;AV. NOVA FORTALEZA, 1635;PLANALTO AYRTON SENNA;-3,83807;-38,5806;ATIVA;DIRETA/MUNICIPAL;319
4;888;8;ESCOLA MUNICIPAL JORNALISTA DURVAL AIRES;RUA DO SOL, 522;PLANALTO AYRTON SENNA;-3,83534;-38,5779;ATIVA;DIRETA/MUNICIPAL;490
4;890;8;ESCOLA MUNICIPAL MARIA ROCHELLE DA SILVA;RUA DELMIRO JÚNIOR, 50;PLANALTO AYRTON SENNA;-3,83866;-38,57837;ATIVA;DIRETA/MUNICIPAL;670
4;891;8;ESCOLA MUNICIPAL MARIA MARQUES CEDRO;RUA DO SOL, 285;PLANALTO AYRTON SENNA;-3,83637;-38,57599;ATIVA;DIRETA/MUNICIPAL;504
4;916;8;CENTRO DE EDUCACAO INFANTIL MARIA LETICIA MOTA MOREIRA;RUA 15C, S/N;PREFEITO JOSE WALTER;-3,84299;-38,55479;ATIVA;DIRETA/MUNICIPAL;316
4;917;8;CENTRO DE EDUCACAO INFANTIL PROFESSOR CARLOS ROBERTO MARTINS RODRIGUES;RUA 16C, S/N;PREFEITO JOSE WALTER;-3,84292;-38,55237;ATIVA;DIRETA/MUNICIPAL;276
4;937;8;ESCOLA MUNICIPAL DE TEMPO INTEGRAL LEONEL DE MOURA BRIZOLA;"RUA CORONEL DE QUEIROZ, 671
RUA CORONEL DE QUEIROZ, 750";PLANALTO AYRTON SENNA;-3,83419;-38,56886;ATIVA;DIRETA/MUNICIPAL;420
4;938;4;CRECHE NOSSO JARDIM;RUA JÚLIO CÉSAR, 1221;JARDIM AMERICA;-3,75356;-38,54575;ATIVA;PARCERIA/CONVENIADA;96
4;962;8;CENTRO DE EDUCACAO INFANTIL ARIEVALDO VIANA;RUA CORONEL DE QUEIROZ, S/N;PLANALTO AYRTON SENNA;-3,83482;-38,56479;ATIVA;DIRETA/MUNICIPAL;180
4;965;8;CRECHE PLANETA DE CORES;RUA 48, 231;PREFEITO JOSE WALTER;-3,83097;-38,55463;ATIVA;PARCERIA/CONVENIADA;96
4;966;8;CRECHE PEQUENOS PASSINHOS;RUA PEDRO DANTAS, 335;DIAS MACEDO;-3,78628;-38,5207;ATIVA;PARCERIA/CONVENIADA;56
4;967;8;CRECHE TIA LELEU II;RUA BARBACENA, 297;PARQUE DOIS IRMAOS;-3,81335;-38,555;ATIVA;PARCERIA/CONVENIADA;76
4;981;8;CENTRO DE EDUCACAO INFANTIL PROFESSOR GENUINO FRANCISCO DE SALES;RUA 12H, S/N (LOT. CIDADE JARDIM FORTALEZA);PREFEITO JOSE WALTER;-3,83229;-38,53572;ATIVA;DIRETA/MUNICIPAL;124
4;989;8;CENTRO DE EDUCACAO INFANTIL ANA AMELIA BEZERRA DE MENEZES E SOUZA;RUA G, S/N (LOT. DOS EXPEDICIONARIOS II);RACHEL DE QUEIROZ;-3,80224;-38,55296;ATIVA;DIRETA/MUNICIPAL;176
4;990;8;CENTRO DE EDUCACAO INFANTIL FRANCISCO SALES FERNANDES;AVENIDA K, S/N;PREFEITO JOSE WALTER;-3,82294;-3855417;ATIVA;DIRETA/MUNICIPAL;124
4;1016;8;CENTRO DE EDUCACAO INFANTIL VEREADOR FRANCISCO ANTONIO MARTINS NOGUEIRA;RUA RAIMUNDO PINHEIRO, S/N;RACHEL DE QUEIROZ;-3,79215;-38,56094;ATIVA;DIRETA/MUNICIPAL;164
4;1026;8;CRECHE PRIMEIROS PASSINHOS;RUA PALMEIRAS, 1159;PLANALTO AYRTON SENNA;-3,83844;-38,56774;ATIVA;PARCERIA/CONVENIADA;96
4;1032;4;CENTRO DE EDUCACAO INFANTIL PETRONILLA ISONNI;AV. LAURO VIEIRA CHAVES, S/N;AEROPORTO;-3,7726;-38,5283;ATIVA;DIRETA/MUNICIPAL;184
4;1040;8;ESCOLA MUNICIPAL PROFESSOR NOBERTO NOGUEIRA ALVES;VIA ARTERIAL PROJETADA, S/N (RES. CIDADE JARDIM II);PREFEITO JOSE WALTER;-3,84743;-38,55364;ATIVA;DIRETA/MUNICIPAL;700
4;1106;8;CENTRO DE EDUCACAO INFANTIL PARQUE DOIS IRMAOS;RUA E, S/N (CJ. JARDIM PRIMAVERA);PARQUE DOIS IRMAOS;-3,79926;-38,54849;ATIVA;DIRETA/MUNICIPAL;184
4;1108;8;CENTRO DE EDUCACAO INFANTIL CIDADE JARDIM I;#N/D;PREFEITO JOSE WALTER;-3,82867;-38,54493;ATIVA;DIRETA/MUNICIPAL;184
4;1109;8;CENTRO DE EDUCACAO INFANTIL CIDADE JARDIM II;VIA ARTERIAL PROJETADA, S/N (LOT. CIDADE JARDIM II);PREFEITO JOSE WALTER;-3,84748;-38,5542;ATIVA;DIRETA/MUNICIPAL;184
4;1112;8;ESCOLA MUNICIPAL DE TEMPO INTEGRAL ROBERTO CLAUDIO FROTA BEZERRA;AV. I, S/N (LOT. AV. DOS EXPEDICIONÁRIOS);PARQUE DOIS IRMAOS;-3,80363;-38,55113;ATIVA;DIRETA/MUNICIPAL;420
4;1117;8;CENTRO DE EDUCACAO INFANTIL DOUTOR SAVIO CALDAS ALENCAR;RUA E, S/N(LOT. RES. NOVO PASSARÉ);PASSARE;-3,80011;-38,54067;ATIVA;DIRETA/MUNICIPAL;84
4;1125;4;CRECHE VILA DA CRIANCA;RUA VICENTE PADILHA, 533;VILA UNIAO;-3,76606;-38,53758;ATIVA;PARCERIA/CONVENIADA;92
4;1126;4;CRECHE DOMINGOS SAVIO;RUA HELVÉCIO MONTE, 165;VILA UNIAO;-3,7684;-38,53105;ATIVA;PARCERIA/CONVENIADA;72
4;1168;8;CENTRO DE EDUCACAO INFANTIL TEREZA D'ANA;#N/D;PLANALTO AYRTON SENNA;;;ATIVA;DIRETA/MUNICIPAL;280
5;83;10;ESCOLA MUNICIPAL PROFESSOR OSMIRIO DE OLIVEIRA BARRETO;RUA 10, S/N (CONJUNTO SÍTIO CORREGO);MONDUBIM;-3,81721;-38,5697;ATIVA;DIRETA/MUNICIPAL;440
5;95;5;ESCOLA MUNICIPAL JOSE ALCIDES PINTO;RUA GUARANI, 2000;BONSUCESSO;-3,77435;-38,58595;ATIVA;DIRETA/MUNICIPAL;980
5;96;10;ESCOLA MUNICIPAL JORNALISTA DEMOCRITO DUMMAR;AV. EUCLIDES PAULINO BARROSO, 2505;CANINDEZINHO;-3,82102;-38,60853;ATIVA;DIRETA/MUNICIPAL;930
5;103;5;ESCOLA MUNICIPAL PROFESSOR JOSE CIRIO PEREIRA FILHO;RUA QUARTZO ROSA, 100;SIQUEIRA;-3,8055;-38,6232;ATIVA;DIRETA/MUNICIPAL;697
5;111;5;ESCOLA MUNICIPAL CRESCER E APRENDER;RUA EDSON MARTINS, 642;BOM JARDIM;-3,79073;-38,59782;ATIVA;DIRETA/MUNICIPAL;272
5;112;5;ESCOLA MUNICIPAL DE TEMPO INTEGRAL MARIA DO SOCORRO ALVES CARNEIRO;AV. LUIZ VIEIRA, 1020;BONSUCESSO;-3,78824;-38,58937;ATIVA;DIRETA/MUNICIPAL;420
5;121;5;ESCOLA MUNICIPAL RACHEL VIANA MARTINS;RUA TUCUNDUBA, 2703;GRANJA LISBOA;-3,79295;-38,62464;ATIVA;DIRETA/MUNICIPAL;760
5;122;5;ESCOLA MUNICIPAL RAIMUNDO MOREIRA SENA;RUA G, 93;BOM JARDIM;-3,79651;-38,61356;ATIVA;DIRETA/MUNICIPAL;664
5;123;5;ESCOLA MUNICIPAL MANOEL MALVEIRA MAIA;RUA DANDARA KETLEY, 2890;GRANJA LISBOA;-3,79123;-38,61916;ATIVA;DIRETA/MUNICIPAL;435
5;131;10;ESCOLA MUNICIPAL HENRIQUETA GALENO;RUA MAJOR MONTENEGRO, 917;MANUEL SATIRO;-3,7977;-38,58099;ATIVA;DIRETA/MUNICIPAL;1123
5;135;5;ESCOLA MUNICIPAL DE TEMPO INTEGRAL DOM ANTONIO DE ALMEIDA LUSTOSA;RUA GERALDO BARBOSA, 3901;GRANJA LISBOA;-3,78462;-38,6267;ATIVA;DIRETA/MUNICIPAL;420
5;143;5;ESCOLA MUNICIPAL JOSE CARLOS MATOS;RUA ITAJAÍ, 802;GRANJA PORTUGAL;-3,7835;-38,59597;ATIVA;DIRETA/MUNICIPAL;468
5;144;5;ESCOLA MUNICIPAL DE TEMPO INTEGRAL FRANCISCA FERNANDES MAGALHAES;RUA VITAL BRASIL, 1020;BONSUCESSO;-3,78008;-38,5898;ATIVA;DIRETA/MUNICIPAL;335
5;146;5;ESCOLA MUNICIPAL ULISSES GUIMARAES;RUA TENENTE FRANCISCO PAIVA, 1350;GRANJA LISBOA;-3,79382;-38,61551;ATIVA;DIRETA/MUNICIPAL;790
5;149;5;ESCOLA MUNICIPAL CREUSA DO CARMO ROCHA;RUA DUAS NAÇÕES, 1055;GRANJA PORTUGAL;-3,78149;-38,60301;ATIVA;DIRETA/MUNICIPAL;1105
5;156;5;ESCOLA MUNICIPAL PROFESSOR LUIS RECAMONDE CAPELO;RUA MARIA QUINTELA, 706;BONSUCESSO;-3,77563;-38,58817;ATIVA;DIRETA/MUNICIPAL;560
5;161;5;ESCOLA MUNICIPAL PROFESSORA ANTONIA MARIA DE LIMA;RUA SARGENTO JOÃO PINHEIRO, 2601;GRANJA LISBOA;-3,79063;-38,62477;ATIVA;DIRETA/MUNICIPAL;555
5;168;10;ESCOLA MUNICIPAL FLORIVAL ALVES SERAINE;RUA ITATIAIA, 1000;CANINDEZINHO;-3,80735;-38,60211;ATIVA;DIRETA/MUNICIPAL;810
5;176;5;ESCOLA MUNICIPAL JOAQUIM ALVES;RUA COSTA DO SOL, 1061;SIQUEIRA;-3,81767;-38,61724;ATIVA;DIRETA/MUNICIPAL;442
5;180;10;ESCOLA MUNICIPAL CASIMIRO MONTENEGRO;AV. BERNARDO MANUEL,11360;PREFEITO JOSE WALTER;-3,81879;-38,55806;ATIVA;DIRETA/MUNICIPAL;760
5;181;10;ESCOLA MUNICIPAL PROFESSOR JACINTO BOTELHO;RUA DOUTOR RODRIGO CODES SANDOVAL, 374;MONDUBIM;-3,80639;-38,56852;ATIVA;DIRETA/MUNICIPAL;1033
5;184;5;ESCOLA MUNICIPAL CONCEICAO MOURAO;RUA DUAS NAÇÕES, 551;GRANJA PORTUGAL;-3,7771;-38,60182;ATIVA;DIRETA/MUNICIPAL;630
5;200;10;ESCOLA MUNICIPAL JOAO HILDO DE CARVALHO FURTADO;RUA JUVÊNCIO SALES, S/N;MONDUBIM;-3,83037;-38,59048;ATIVA;DIRETA/MUNICIPAL;1350
5;204;10;ESCOLA MUNICIPAL MARIA VIVIANE BENEVIDES GOUVEIA;RUA CREUZA ROQUE, 247;MANUEL SATIRO;-3,80097;-38,57704;ATIVA;DIRETA/MUNICIPAL;695
5;211;10;ESCOLA MUNICIPAL HILZA DIOGO CALS;AV. WALDIR DIOGO, 850;NOVO MONDUBIM;-3,80391;-38,5856;ATIVA;DIRETA/MUNICIPAL;250
5;213;5;ESCOLA MUNICIPAL ANTONIO DIOGO DE SIQUEIRA;RUA ANSELMO NOGUEIRA, 655;BONSUCESSO;-3,78414;-38,58782;ATIVA;DIRETA/MUNICIPAL;591
5;218;5;ESCOLA MUNICIPAL SANTA ISABEL;AV. OSCAR ARARIPE, 741;BOM JARDIM;-3,79182;-38,59815;ATIVA;DIRETA/MUNICIPAL;570
5;224;5;ESCOLA MUNICIPAL FRANCISCO EDMILSON PINHEIRO;AV. H, 2115;CONJUNTO CEARA;-3,77693;-38,6175;ATIVA;DIRETA/MUNICIPAL;572
5;227;10;ESCOLA MUNICIPAL JOSE AYRTON TEIXEIRA;RUA ALFREDO MAMEDE, S/N;NOVO MONDUBIM;-3,81095;-38,58407;ATIVA;DIRETA/MUNICIPAL;840
5;228;5;ESCOLA MUNICIPAL DOUTOR SERVULO MENDES BARROSO;RUA JOSÉ MARTINS, 2159;GRANJA LISBOA;-3,78633;-38,61049;ATIVA;DIRETA/MUNICIPAL;640
5;229;10;ESCOLA MUNICIPAL ALAIDE AUGUSTO DE OLIVEIRA;RUA SETEMBRINA, 525;CONJUNTO ESPERANCA;-3,81153;-38,59646;ATIVA;DIRETA/MUNICIPAL;505
5;247;10;ESCOLA MUNICIPAL ROSA AMARO CAVALCANTE;RUA ALFREDO MAMEDE, 1064;CONJUNTO ESPERANCA;-3,81107;-38,58456;ATIVA;DIRETA/MUNICIPAL;288
5;251;5;ESCOLA MUNICIPAL PROFESSOR JOSE FERREIRA DE ALENCAR;RUA SÃO FRANCISCO, 557;BOM JARDIM;-3,79865;-38,60185;ATIVA;DIRETA/MUNICIPAL;716
5;254;10;ESCOLA MUNICIPAL NARCISO PESSOA DE ARAUJO;AV. GENERAL OSÓRIO DE PAIVA, 4841;CANINDEZINHO;-3,80176;-38,59866;ATIVA;DIRETA/MUNICIPAL;520
5;258;10;ESCOLA MUNICIPAL JOAO ESTANISLAU FACANHA;RUA 11, S/N (CONJUNTO CAMPO DOS INGLESES);JARDIM CEARENSE;-3,79926;-38,563;ATIVA;DIRETA/MUNICIPAL;725
5;260;5;ESCOLA MUNICIPAL SEBASTIAO DE ABREU;RUA GERALDO BARBOSA, 1065;BOM JARDIM;-3,79234;-38,60184;ATIVA;DIRETA/MUNICIPAL;770
5;265;5;ESCOLA MUNICIPAL MARIA DOLORES PETROLA DE MELO JORGE;RUA PAULINO ROCHA, 1000;GRANJA LISBOA;-3,78172;-38,62437;ATIVA;DIRETA/MUNICIPAL;705
5;266;10;ESCOLA MUNICIPAL MARIA BEZERRA QUEVEDO;RUA 103, 28 (CONJUNTO NOVO MONDUBIM);NOVO MONDUBIM;-3,80767;-38,58758;ATIVA;DIRETA/MUNICIPAL;645
5;269;5;ESCOLA MUNICIPAL SANTOS DUMONT;RUA GERALDO BARBOSA, 240;BOM JARDIM;-3,79416;-38,59444;ATIVA;DIRETA/MUNICIPAL;1090
5;273;5;ESCOLA MUNICIPAL PROFESSOR EDILSON BRASIL SOAREZ;RUA LOCAL 11, S/N (CONJUNTO TATU MUNDÉ);SIQUEIRA;-3,80192;-38,61435;ATIVA;DIRETA/MUNICIPAL;740
5;281;10;ESCOLA MUNICIPAL PADRE CICERO ROMAO BATISTA;RUA 114, 460;CONJUNTO ESPERANCA;-3,81163;-38,59467;ATIVA;DIRETA/MUNICIPAL;335
5;283;5;ESCOLA MUNICIPAL JOAO PAULO I;RUA LUÍS DE CASTRO, 254;BONSUCESSO;-3,77665;-38,57778;ATIVA;DIRETA/MUNICIPAL;591
5;290;5;ESCOLA MUNICIPAL IRMA ROCHA;RUA EMÍLIO DE MENEZES, 2515;GRANJA PORTUGAL;-3,77733;-38,60118;ATIVA;DIRETA/MUNICIPAL;210
5;293;5;ESCOLA MUNICIPAL 15 DE OUTUBRO;RUA GUARANI, 2030;BONSUCESSO;-3,77466;-38,58619;ATIVA;DIRETA/MUNICIPAL;1171
5;308;10;ESCOLA MUNICIPAL PROFESSOR JOSE MARIA MOREIRA CAMPOS;RUA FRANCISCO DE ALMEIDA, 525;PARQUE SANTA ROSA;-3,8189;-38,59163;ATIVA;DIRETA/MUNICIPAL;930
5;309;10;ESCOLA MUNICIPAL FRANCISCA DE ABREU LIMA;RUA HUMBERTO DE ALMEIDA, 535;CANINDEZINHO;-3,80726;-38,59743;ATIVA;DIRETA/MUNICIPAL;462
5;323;10;ESCOLA MUNICIPAL MARIETA GUEDES MARTINS;AV. CÔNEGO DE CASTRO, 4701;NOVO MONDUBIM;-3,80681;-38,59323;ATIVA;DIRETA/MUNICIPAL;770
5;336;5;ESCOLA MUNICIPAL JOAO MENDES DE ANDRADE;RUA B, 1366 (CONJUNTO PALMARES);GRANJA LISBOA;-3,78898;-38,62952;ATIVA;DIRETA/MUNICIPAL;1130
5;337;10;ESCOLA MUNICIPAL JONATHAN DA ROCHA ALCOFORADO;RUA MARIA GOMES DE SÁ, 1030;MONDUBIM;-3,82598;-38,58093;ATIVA;DIRETA/MUNICIPAL;645
5;339;10;ESCOLA MUNICIPAL SAGRADO CORACAO;RUA HOLANDA, 477;MARAPONGA;-3,79513;-38,56371;ATIVA;DIRETA/MUNICIPAL;391
5;340;10;ESCOLA MUNICIPAL PADRE ANTONIO MONTEIRO DA CRUZ;RUA PEDESTRE XIII, 25 (CONJ. JARDIM FLUMINENSE);CANINDEZINHO;-3,81731;-38,60222;ATIVA;DIRETA/MUNICIPAL;1398
5;342;5;ESCOLA MUNICIPAL HERBERT DE SOUZA;RUA URUCUTUBA, 1599;BOM JARDIM;-3,79724;-38,60801;ATIVA;DIRETA/MUNICIPAL;700
5;344;10;ESCOLA MUNICIPAL NOELZINDA SATIRO SANTIAGO;RUA DOM XISTO ALBANO, 1298;PARQUE SAO JOSE;-3,79543;-38,58432;ATIVA;DIRETA/MUNICIPAL;523
5;345;5;ESCOLA MUNICIPAL REITOR ANTONIO MARTINS FILHO;RUA TEODORO DE CASTRO, 1175;GRANJA PORTUGAL;-3,78107;-38,60133;ATIVA;DIRETA/MUNICIPAL;810
5;346;5;ESCOLA MUNICIPAL PROFESSORA LIREDA FACO;RUA TRÊS CORAÇÕES, 735;GRANJA LISBOA;-3,78834;-38,60983;ATIVA;DIRETA/MUNICIPAL;1335
5;348;5;ESCOLA MUNICIPAL EDUCADOR PAULO FREIRE;RUA CORONEL FABRICIANO, 452;GRANJA PORTUGAL;-3,78651;-38,59378;ATIVA;DIRETA/MUNICIPAL;606
5;349;5;ESCOLA MUNICIPAL CATARINA LIMA DA SILVA;RUA PEDRO MARTINS, 313;BOM JARDIM;-3,79992;-38,60095;ATIVA;DIRETA/MUNICIPAL;700
5;364;10;ESCOLA MUNICIPAL NOVO RENASCER;RUA LESTE OESTE, 140;MONDUBIM;-3,82653;-38,56493;ATIVA;DIRETA/MUNICIPAL;495
5;368;5;CENTRO DE EDUCACAO INFANTIL PROFESSOR JOSE CIRIO PEREIRA FILHO;RUA RUBI, 100;SIQUEIRA;-3,80587;-38,62274;ATIVA;DIRETA/MUNICIPAL;160
5;369;10;CENTRO DE EDUCACAO INFANTIL JORNALISTA DEMOCRITO DUMMAR;RUA JOSÉ DANTAS PEREIRA, 334;CANINDEZINHO;-3,822;-38,60826;ATIVA;DIRETA/MUNICIPAL;220
5;378;10;CENTRO DE EDUCACAO INFANTIL MARIA BEZERRA QUEVEDO;RUA 106, 114 (CONJUNTO NOVO MONDUBIM);NOVO MONDUBIM;-3,80895;-38,58768;ATIVA;DIRETA/MUNICIPAL;120
5;380;5;CENTRO DE EDUCACAO INFANTIL MARIA DOLORES PETROLA DE MELO JORGE;RUA SARGENTO BARBOSA, 851;GRANJA LISBOA;-3,78294;-38,61936;ATIVA;DIRETA/MUNICIPAL;296
5;384;10;CENTRO DE EDUCACAO INFANTIL JOAO ESTANISLAU FAÇANHA;RUA HOLANDA, 870;JARDIM CEARENSE;-3,79927;-38,56213;ATIVA;DIRETA/MUNICIPAL;100
5;388;5;CENTRO DE EDUCACAO INFANTIL MANOEL MALVEIRA MAIA;RUA DANDARA KETLEY, 2890A;GRANJA LISBOA;-3,7908;-38,619;ATIVA;DIRETA/MUNICIPAL;60
5;389;5;CENTRO DE EDUCACAO INFANTIL RAIMUNDO MOREIRA SENA;RUA A, 106 (CONJUNTO NOVA RESIDÊNCIA);GRANJA LISBOA;-3,79624;-38,61385;ATIVA;DIRETA/MUNICIPAL;140
5;390;5;CENTRO DE EDUCACAO INFANTIL RACHEL VIANA MARTINS;RUA TUCUNDUBA, 2703;GRANJA LISBOA;-3,7929;-38,62517;ATIVA;DIRETA/MUNICIPAL;116
5;402;10;CENTRO DE EDUCACAO INFANTIL MARIA HERCILIA EVANGELISTA MARTINS;RUA 03, 300 (LOTEAMENTO PARQUE SANTANA I);MONDUBIM;-3,81336;-38,58053;ATIVA;DIRETA/MUNICIPAL;156
5;403;10;ESCOLA MUNICIPAL ROSA AMARO CAVALCANTE - UNID II;RUA 01, 1169 (PARQUE SANTANA I);MONDUBIM;-3,81429;-38,57865;ATIVA;DIRETA/MUNICIPAL;233
5;405;5;CENTRO DE EDUCACAO INFANTIL FRANCISCO EDMILSON PINHEIRO*;AV. H, 2115;CONJUNTO CEARA;-3,77723;-38,61742;ATIVA;DIRETA/MUNICIPAL;200
5;411;10;CENTRO DE EDUCACAO INFANTIL HILZA DIOGO CALS;RUA SILVINO, 31;NOVO MONDUBIM;-3,80354;-38,58547;ATIVA;DIRETA/MUNICIPAL;80
5;419;10;CENTRO DE EDUCACAO INFANTIL JOAO HILDO DE CARVALHO FURTADO - UNID II;RUA POLIANA, S/N;MONDUBIM;-3,83;-38,59114;ATIVA;DIRETA/MUNICIPAL;200
5;420;10;CENTRO DE EDUCACAO INFANTIL JOAO HILDO DE CARVALHO FURTADO;AV. C, S/N (CONJUNTO ARACAPÉ);CANINDEZINHO;-3,82935;-38,59022;ATIVA;DIRETA/MUNICIPAL;76
5;430;5;ESCOLA MUNICIPAL TOMAZ MUNIZ;RUA DOUTORA VANDA CIDADE, 185;SIQUEIRA;-3,80445;-38,60576;ATIVA;DIRETA/MUNICIPAL;382
5;431;5;CENTRO DE EDUCACAO INFANTIL CHICO ANYSIO;RUA ALVES BEZERRA, 788;SIQUEIRA;-3,80451;-38,61181;ATIVA;DIRETA/MUNICIPAL;276
5;432;5;ESCOLA MUNICIPAL PROFESSORA LIREDA FACO - UNID II;RUA JOÃO XXIII, 1454;GRANJA PORTUGAL;-3,78649;-38,60388;ATIVA;DIRETA/MUNICIPAL;218
5;433;5;CENTRO DE EDUCACAO INFANTIL PROFESSORA LIREDA FACO;RUA TRÊS CORAÇÕES, 735;GRANJA LISBOA;-3,78813;-38,60952;ATIVA;DIRETA/MUNICIPAL;200
5;434;5;CENTRO DE EDUCACAO INFANTIL REITOR ANTONIO MARTINS FILHO - UNID II;RUA HUMBERTO LOMEU, 1220;GRANJA PORTUGAL;-3,78178;-38,60254;ATIVA;DIRETA/MUNICIPAL;200
5;435;5;CENTRO DE EDUCACAO INFANTIL REITOR ANTONIO MARTINS FILHO;RUA HUMBERTO LOMEU, 1222;GRANJA PORTUGAL;-3,78188;-38,60225;ATIVA;DIRETA/MUNICIPAL;120
5;437;10;CENTRO DE EDUCACAO INFANTIL ALAIDE AUGUSTO DE OLIVEIRA;RUA E, 187 (CONJUNTO IMPERIAL);CONJUNTO ESPERANCA;-3,81361;-38,59582;ATIVA;DIRETA/MUNICIPAL;95
5;438;10;CENTRO DE EDUCACAO INFANTIL ZILDA ARNS NEUMANN;RUA PEDESTRE XIII, 25 (CONJ. JARDIM FLUMINENSE);CANINDEZINHO;-3,81753;-38,60244;ATIVA;DIRETA/MUNICIPAL;180
5;439;10;CENTRO DE EDUCACAO INFANTIL JONATHAN DA ROCHA ALCOFORADO;RUA JACANAUBA, 89;MONDUBIM;-3,82567;-38,58106;ATIVA;DIRETA/MUNICIPAL;160
5;440;5;CENTRO DE EDUCACAO INFANTIL JOAO MENDES DE ANDRADE;RUA DESCARTES BRAGA, 4222;GRANJA LISBOA;-3,7892;-38,62987;ATIVA;DIRETA/MUNICIPAL;120
5;461;10;CENTRO DE EDUCACAO INFANTIL PROFESSOR OSMIRIO DE OLIVEIRA BARRETO;RUA 10, S/N (CONJUNTO SÍTIO CÓRREGO);MONDUBIM;-3,81759;-38,56976;ATIVA;DIRETA/MUNICIPAL;80
5;466;10;CENTRO DE EDUCACAO INFANTIL FLORIVAL ALVES SERAINE;RUA JOSÉ ASSIS DE OLIVEIRA, 1324;CANINDEZINHO;-3,80695;-38,60265;ATIVA;DIRETA/MUNICIPAL;157
5;472;5;CENTRO DE EDUCACAO INFANTIL 15 DE OUTUBRO;RUA MENINO JESUS DE PRAGA, 192;BONSUCESSO;-3,77374;-38,5841;ATIVA;DIRETA/MUNICIPAL;196
5;478;5;CENTRO DE EDUCACAO INFANTIL ANTONIO DIOGO DE SIQUEIRA;RUA MANUEL ANTÔNIO LEITE, 703;BONSUCESSO;-3,77634;-38,5944;ATIVA;DIRETA/MUNICIPAL;270
5;479;5;CENTRO DE EDUCACAO INFANTIL FRANCISCA FERNANDES MAGALHAES;RUA TAQUARI, S/N;BONSUCESSO;-3,77983;-38,5896;ATIVA;DIRETA/MUNICIPAL;100
5;483;5;CENTRO DE EDUCACAO INFANTIL PROFESSORA ANTONIA MARIA DE LIMA;RUA GERALDO BARBOSA, 3923;GRANJA LISBOA;-3,78436;-38,62718;ATIVA;DIRETA/MUNICIPAL;120
5;492;10;CENTRO DE EDUCACAO INFANTIL PROFESSOR JACINTO BOTELHO;RUA CEL. MANOEL ALBANO, 288;MONDUBIM;-3,80653;-38,56925;ATIVA;DIRETA/MUNICIPAL;80
5;504;10;CENTRO DE EDUCACAO INFANTIL PADRE CICERO ROMAO BATISTA;RUA 106, 377;CONJUNTO ESPERANCA;-3,81412;-38,59126;ATIVA;DIRETA/MUNICIPAL;120
5;524;5;CRECHE NOVO MUNDO PIONEIRO;RUA 2 (LOT. PRQ. ITAIGARA), S/N;SIQUEIRA;-3,80212;-38,62841;ATIVA;PARCERIA/CONVENIADA;116
5;527;10;CRECHE SONHO DE CRIANCA;RUA VIDAL DE NEGREIROS, 359;JARDIM CEARENSE;-3,79992;-38,56474;ATIVA;PARCERIA/CONVENIADA;76
5;530;5;CRECHE HOTELZINHO ESPACO DA CRIANCA;RUA NOVA CONQUISTA, 406;BOM JARDIM;-3,79639;-38,59797;ATIVA;PARCERIA/CONVENIADA;80
5;541;10;CRECHE JOSE ORDELIO MENDES ALVES;RUA COSTA FREIRE, 2472;PARQUE SAO JOSE;-3,79942;-38,59093;ATIVA;PARCERIA/CONVENIADA;96
5;543;10;CRECHE PEQUENOS BRILHANTES;RUA OTÁVIO LIMA, 90;MONDUBIM;-3,82771;-38,58839;ATIVA;PARCERIA/CONVENIADA;76
5;550;10;CRECHE SANTO ANTONIO;RUA JOÃO RAMALHO, 475;PARQUE SAO JOSE;-3,79833;-38,59083;ATIVA;PARCERIA/CONVENIADA;56
5;552;5;CRECHE JARDIM DA CRIANCA;RUA URUCUTUBA, 1156;BOM JARDIM;-3,79691;-38,60482;ATIVA;PARCERIA/CONVENIADA;78
5;557;10;CRECHE MARIA PEQUENA;RUA PARANAGUÁ, 255;CANINDEZINHO;-3,81006;-38,59786;ATIVA;PARCERIA/CONVENIADA;56
5;561;5;CRECHE CRIANCA ESPERANCA;RUA DIVINA, 130;SIQUEIRA;-3,80834;-38,60669;ATIVA;PARCERIA/CONVENIADA;76
5;578;5;CRECHE DONA EULALIA UCHOA ALVES;RUA MATEUS LEMOS, 1190;GRANJA PORTUGAL;-3,78479;-38,60235;ATIVA;PARCERIA/CONVENIADA;112
5;602;5;CENTRO DE EDUCACAO INFANTIL NOGUEIRA;RUA P, S/N (LOT. PARAÍSO VERDE);SIQUEIRA;-3,8079;-38,61725;ATIVA;DIRETA/MUNICIPAL;196
5;642;5;CRECHE VIDA NOVA;RUA VALDEMAR PAES, 1208;BOM JARDIM;-3,7953;-38,60263;ATIVA;PARCERIA/CONVENIADA;100
5;645;10;CRECHE PEQUENOS HEROIS;RUA DR. PROCÓPIO, 205;MONDUBIM;-3,82847;-38,58105;ATIVA;PARCERIA/CONVENIADA;80
5;664;5;CRECHE TIA ZULEIDE;RUA BOM JESUS, 2695;GRANJA LISBOA;-3,78941;-38,61744;ATIVA;PARCERIA/CONVENIADA;56
5;749;10;CRECHE FELIZ AMANHECER;RUA 106, 100;NOVO MONDUBIM;-3,80884;-38,58784;ATIVA;PARCERIA/CONVENIADA;92
5;751;5;CRECHE ALIANCA;RUA MARIA DE JESUS, 10;SIQUEIRA;-3,80429;-38,60463;ATIVA;PARCERIA/CONVENIADA;100
5;767;5;CENTRO DE EDUCACAO INFANTIL MARIA LUIZA BARBOSA CHAVES;RUA OSCAR FRANÇA, 267;BOM JARDIM;-3,79386;-38,59439;ATIVA;DIRETA/MUNICIPAL;236
5;769;10;ESCOLA MUNICIPAL DE TEMPO INTEGRAL PROFESSORA MARIA JOSE FERREIRA GOMES;RUA CÔNEGO DE CASTRO, 8617;PARQUE PRESIDENTE VARGAS;-3,82079;-38,60314;ATIVA;DIRETA/MUNICIPAL;420
5;775;10;CRECHE PROJETO JOAOZINHO;RUA BULGÁRIA, 822;MANUEL SATIRO;-3,7985;-38,57965;ATIVA;PARCERIA/CONVENIADA;96
5;786;10;CRECHE CRIANCA FELIZ II;RUA FRIÉZIO BARROSO, 800;MONDUBIM;-3,81324;-38,56053;ATIVA;PARCERIA/CONVENIADA;76
5;791;5;ESCOLA MUNICIPAL IRMA ROCHA - UNID II;RUA EMÍLIO DE MENEZES, S/N;GRANJA PORTUGAL;-377712;-3860147;ATIVA;DIRETA/MUNICIPAL;270
5;796;10;CRECHE TIA MAZE;RUA AMÉRICO ROCHA LIMA, 776;MANUEL SATIRO;-3,79875;-38,58221;ATIVA;PARCERIA/CONVENIADA;76
5;797;5;ESCOLA MUNICIPAL DE TEMPO INTEGRAL PROFESSOR ALEXANDRE RODRIGUES DE ALBUQUERQUE;RUA ALVES BEZERRA, 743;SIQUEIRA;-3,80548;-38,61187;ATIVA;DIRETA/MUNICIPAL;420
5;798;10;CENTRO DE EDUCACAO INFANTIL FRANCISCA DE ABREU LIMA;RUA C, S/N (LOTEAMENTO SIQUEIRA II);SIQUEIRA;-3,81516;-38,61605;ATIVA;DIRETA/MUNICIPAL;296
5;800;10;CRECHE SANTO ANTONIO II;RUA COMENDADOR GARCIA, 1823;PARQUE SAO JOSE;-3,79405;-38,58878;ATIVA;PARCERIA/CONVENIADA;60
5;809;5;CENTRO DE EDUCACAO INFANTIL PROFESSOR AGOSTINHO GOSSON;RUA H, S/N ( CONJUNTO NOVA RESIDÊNCIA);BOM JARDIM;-3,79717;-38,61353;ATIVA;DIRETA/MUNICIPAL;356
5;819;5;ESCOLA MUNICIPAL CRESCER E APRENDER - UNID II;RUA MIRTES CORDEIRO, 700;BOM JARDIM;-3,78918;-38,59788;ATIVA;DIRETA/MUNICIPAL;136
5;847;10;CRECHE ALEGRIA DE CRIANCA;RUA DR. RAIMUNDO MAIA, 433;MONDUBIM;-3,81479;-38,56179;ATIVA;PARCERIA/CONVENIADA;56
5;848;5;CRECHE PEQUENO MUNDO DE FLORA;RUA ANTÔNIO NERY, 1350;GRANJA PORTUGAL;-3,78415;-38,60204;ATIVA;PARCERIA/CONVENIADA;132
5;849;5;CRECHE PEQUENO GENIO;RUA NOVA CONQUISTA, 692;BOM JARDIM;-3,79571;-38,60033;ATIVA;PARCERIA/CONVENIADA;96
5;856;10;CENTRO DE EDUCACAO INFANTIL HENRIQUE VENANCIO DA SILVA;RUA OSÓRIO CORREIA, S/N;PARQUE PRESIDENTE VARGAS;-3,82229;-38,59999;ATIVA;DIRETA/MUNICIPAL;316
5;871;10;ESCOLA MUNICIPAL DE TEMPO INTEGRAL HILDETE BRASIL DE SÁ CAVALCANTE;RUA E, S/N (RES. MARCOS FREIRE);MONDUBIM;-3,82275;-38,56576;ATIVA;DIRETA/MUNICIPAL;420
5;883;10;CRECHE TIA AUGUSTA;RUA AMÉRICO ROCHA LIMA, 587;MANUEL SATIRO;-3,79918;-38,58036;ATIVA;PARCERIA/CONVENIADA;96
5;884;5;CRECHE RAIO DE LUZ;RUA JOSÉ ABÍLIO, 976;GRANJA PORTUGAL;-3,78324;-38,60043;ATIVA;PARCERIA/CONVENIADA;136
5;897;10;CRECHE TIA LELEU;RUA FRIÉZIO BARROSO, 326;MONDUBIM;-3,81323;-38,56053;ATIVA;PARCERIA/CONVENIADA;56
5;939;10;CRECHE MEU MUNDO AZUL;RUA PROFESSOR CABRAL, 888;PARQUE SANTA ROSA;-3,82123;-38,5964;ATIVA;PARCERIA/CONVENIADA;96
5;940;5;CRECHE ENCANTOS DE CELESTE;RUA CARLOS CHAGAS, 2080;GRANJA PORTUGAL;-3,77612;-38,59875;ATIVA;PARCERIA/CONVENIADA;96
5;942;10;ESCOLA MUNICIPAL MARILENE LOPES RABELO;RUA JACARANDÁ, 460;PARQUE PRESIDENTE VARGAS;-3,83086;-38,59792;ATIVA;DIRETA/MUNICIPAL;389
5;943;10;ESCOLA MUNICIPAL MARILENE LOPES RABELO - UNID II;RUA MARTINS DE LIMA, 391;PARQUE PRESIDENTE VARGAS;-3,8302;-38,59841;ATIVA;DIRETA/MUNICIPAL;200
5;944;5;ESCOLA MUNICIPAL DE TEMPO INTEGRAL PROFESSOR EXPEDITO PARENTE;RUA P, S/N (LOT. PARAÍSO VERDE);SIQUEIRA;-3,80762;-38,61771;ATIVA;DIRETA/MUNICIPAL;420
5;968;10;CRECHE TIO CAZUZA;RUA VICENTE CELESTINO, 1230;PARQUE PRESIDENTE VARGAS;-3,82437;-38,59763;ATIVA;PARCERIA/CONVENIADA;112
5;969;5;CRECHE CENTRO DE DESENVOLVIMENTO INTEGRADO DA VIDA;RUA XAVIER DA SILVEIRA, 2644;GRANJA LISBOA;-3,79165;-38,61391;ATIVA;PARCERIA/CONVENIADA;100
5;970;10;CRECHE COR DO BRASIL;RUA SÃO FRANCISCO, 21;MONDUBIM;-3,81842;-38,58597;ATIVA;PARCERIA/CONVENIADA;76
5;973;10;CRECHE MEU ANJO;RUA VEREADORA ZÉLIA CORREIA DE SOUSA, 897;MONDUBIM;-3,81293;-38,55758;ATIVA;PARCERIA/CONVENIADA;96
5;974;5;CRECHE MUNDO FELIZ;RUA FRANCISCO DOMINGOS, 1388;BONSUCESSO;-3,77729;-38,59213;ATIVA;PARCERIA/CONVENIADA;116
5;976;10;CRECHE CORACAO DE MARIA;RUA SÃO BASÍLIO, 979;PARQUE PRESIDENTE VARGAS;-3,81862;-38,60042;ATIVA;PARCERIA/CONVENIADA;76
5;977;5;CENTRO DE EDUCACAO INFANTIL PROFESSORA MARIA LUIZA MOTA MACHADO;RUA SERENA, S/N;SIQUEIRA;-3,80329;-38,61997;ATIVA;DIRETA/MUNICIPAL;104
5;1014;5;ESCOLA MUNICIPAL DE TEMPO INTEGRAL PROFESSOR AGERSON TABOSA PINTO;RUA WILCA ALBUQUERQUE, 90;SIQUEIRA;-3,81425;-38,61491;ATIVA;DIRETA/MUNICIPAL;420
5;1027;5;CRECHE TIA HELENA;RUA OSCAR FRANÇA, 2904;GRANJA LISBOA;-3,78619;-38,6166;ATIVA;PARCERIA/CONVENIADA;76
5;1035;5;CENTRO DE EDUCACAO INFANTIL PROFESSOR MIRTON LA MARQUES;RUA JOÃO XXIII, S/N;GRANJA PORTUGAL;-3,78601;-38,60488;ATIVA;DIRETA/MUNICIPAL;160
5;1036;10;CENTRO DE EDUCACAO INFANTIL MARIA FELIX RODRIGUES;AV C, S/N (CONJ. ARACAPÉ);MONDUBIM;-3,83279;-38,5858;ATIVA;DIRETA/MUNICIPAL;184
5;1037;5;CENTRO DE EDUCACAO INFANTIL MARIA ROSA DE ALMEIDA;RUA SOUSA CARVALHO, 625;BONSUCESSO;-3,78347;-38,59008;ATIVA;DIRETA/MUNICIPAL;84
5;1041;10;ESCOLA MUNICIPAL HENRIQUETA GALENO - UNID II;RUA DOM XISTO ALBANO, 1852;PARQUE SAO JOSE;-3,79903;-38,58766;ATIVA;DIRETA/MUNICIPAL;330
5;1113;10;ESCOLA MUNICIPAL DE TEMPO INTEGRAL PASTOR FLORENCIO NUNES NETO;RUA OSÓRIO CORREIA, S/N;PARQUE PRESIDENTE VARGAS;-3,82655;-38,59331;ATIVA;DIRETA/MUNICIPAL;420
5;1115;10;ESCOLA MUNICIPAL DE TEMPO INTEGRAL LUIZ TEIXEIRA MATOS;RUA RENATO MAGALHÃES, S/N;MONDUBIM;-3,82781;-38,56954;ATIVA;DIRETA/MUNICIPAL;420
5;1119;5;ESCOLA MUNICIPAL DE TEMPO INTEGRAL PROFESSORA MARIA MIRTES BASTOS MANGUEIRA;RUA XAVIER DA SILVEIRA, S/N;GRANJA LISBOA;-3,78981;-3861908;ATIVA;DIRETA/MUNICIPAL;420
5;1121;5;CRECHE CORES E BRINCADEIRAS;AV. I, 897;GRANJA PORTUGAL;-3,77312;-38,59766;ATIVA;PARCERIA/CONVENIADA;76
5;1127;10;CRECHE MARCILIO AMORIM;RUA COMENDADOR GARCIA, 1817;PARQUE SAO JOSE;-3,79868;-38,58789;ATIVA;PARCERIA/CONVENIADA;92
5;1128;10;CRECHE SEMENTE DO AMANHA II;RUA MONSENHOR AGOSTINHO, 1362;PARQUE SAO JOSE;-3,794;-38,58874;ATIVA;PARCERIA/CONVENIADA;96
5;1129;5;CRECHE MAE BALBINA;RUA GERALDO BARBOSA, 2968;GRANJA LISBOA;-3,78654;-38,61829;ATIVA;PARCERIA/CONVENIADA;72
5;1131;10;CRECHE TIO SERGIO;RUA 9, 42 (CONJ. SÍTIO CÓRREGO);MONDUBIM;-3,81702;-38,57058;ATIVA;PARCERIA/CONVENIADA;72
6;119;9;CENTRO DE EDUCACAO INFANTIL PROFESSORA OLINDINA CARVALHO DE MORAIS;RUA 05, 581 (CONJUNTO JOÃO PAULO II);BARROSO;-3,82403;-38,52004;ATIVA;DIRETA/MUNICIPAL;412
6;141;9;ESCOLA MUNICIPAL OTAVIO DE FARIAS;RUA JOÃO FERREIRA, S/N;BARROSO;-3,81496;-38,50999;ATIVA;DIRETA/MUNICIPAL;1020
6;142;9;ESCOLA MUNICIPAL BARBARA DE ALENCAR;RUA CAPITÃO PORFÍRIO, 544;PARQUE SANTA MARIA;-3,85343;-38,50077;ATIVA;DIRETA/MUNICIPAL;840
6;152;6;ESCOLA MUNICIPAL PROFESSORA EDITH BRAGA;RUA CAPITÃO VASCONCELOS, 1061;AEROLANDIA;-3,77122;-38,51576;ATIVA;DIRETA/MUNICIPAL;591
6;157;9;ESCOLA MUNICIPAL MARIETA CALS;AV. VALPARAISO, 160;CONJUNTO PALMEIRAS;-3,84536;-38,52336;ATIVA;DIRETA/MUNICIPAL;1105
6;158;9;ESCOLA MUNICIPAL MARIA DE JESUS ORIA ALENCAR;RUA 43, S/N (CONJUNTO SÃO JOÃO);JANGURUSSU;-3,85239;-38,51178;ATIVA;DIRETA/MUNICIPAL;780
6;159;9;ESCOLA MUNICIPAL MANOELITO GUIMARAES DOMINGUES;RUA BABILÔNIA, S/N;ANCURI;-3,8616;-38,5058;ATIVA;DIRETA/MUNICIPAL;640
6;163;6;ESCOLA MUNICIPAL CONEGO FRANCISCO PEREIRA DA SILVA;RUA LUIZ FRANCISCO XAVIER, 256;PAUPINA;-3,84186;-38,48659;ATIVA;DIRETA/MUNICIPAL;1150
6;165;9;ESCOLA MUNICIPAL PROFESSOR FRANCISCO DE MELO JABORANDI;AV. GOVERNADOR LEONEL BRIZOLA, 198;JANGURUSSU;-3,83147;-38,51875;ATIVA;DIRETA/MUNICIPAL;973
6;177;9;ESCOLA MUNICIPAL JOAO GERMANO DA PONTE NETO;RUA MAÍZA, 549;CONJUNTO PALMEIRAS;-3,84845;-38,52763;ATIVA;DIRETA/MUNICIPAL;585
6;189;6;ESCOLA MUNICIPAL PROFESSOR ANISIO TEIXEIRA;RUA SIMÃO SANTOS, S/N;PAUPINA;-3,8587;-38,49277;ATIVA;DIRETA/MUNICIPAL;878
6;190;6;ESCOLA MUNICIPAL MARIA DE LOURDES;RUA LUIS MENDES, 174;CIDADE DOS FUNCIONARIOS;-3,78758;-38,50935;ATIVA;DIRETA/MUNICIPAL;268
6;193;9;ESCOLA MUNICIPAL JORNALISTA JOSE BLANCHARD GIRAO DA SILVA;TRAV. MISSIONÁRIO OLIVEIRA, 301;JANGURUSSU;-3,84466;-38,50685;ATIVA;DIRETA/MUNICIPAL;530
6;196;9;ESCOLA MUNICIPAL PROFESSORA MARIA ANTONEZIA MEIRELES E SÁ;RUA CORONEL VIRGÍLIO TÁVORA, 1340;BARROSO;-3,81912;-38,50644;ATIVA;DIRETA/MUNICIPAL;1015
6;205;6;ESCOLA MUNICIPAL PROFESSORA FERNANDA MARIA DE ALENCAR COLARES;AV. PROFº JOSÉ ARTUR DE CARVALHO, 1540;LAGOA REDONDA;-3,81995;-38,45223;ATIVA;DIRETA/MUNICIPAL;890
6;217;6;ESCOLA MUNICIPAL ANGELICA GURGEL;RUA DOUTOR PERGENTINO MAIA, 375;MESSEJANA;-3,83061;-38,49192;ATIVA;DIRETA/MUNICIPAL;908
6;219;6;ESCOLA MUNICIPAL PARQUE SAO MIGUEL;RUA LOURDES VIDAL ALVES, 444;LAGOA REDONDA;-3,82158;-38,47246;ATIVA;DIRETA/MUNICIPAL;152
6;221;6;ESCOLA MUNICIPAL PROFESSORA RAIMUNDA FELIX DE ALCANTARA;AV. MEM DE SÁ, 384;MESSEJANA;-3,82553;-38,48545;ATIVA;DIRETA/MUNICIPAL;280
6;231;9;ESCOLA MUNICIPAL JOSE SOBREIRA DE AMORIM;RUA TENENTE TITO BARROS, 330;CAJAZEIRAS;-3,79775;-38,51173;ATIVA;DIRETA/MUNICIPAL;378
6;250;6;ESCOLA MUNICIPAL YOLANDA QUEIROZ;RUA CAPITÃO ARAGÃO, 864;ALTO DA BALANCA;-3,76456;-38,50977;ATIVA;DIRETA/MUNICIPAL;555
6;253;6;ESCOLA MUNICIPAL DE TEMPO INTEGRAL JOSE CARVALHO;RUA CLODOALDO ARRUDA, 1300;JOSE DE ALENCAR;-3,81769;-38,47597;ATIVA;DIRETA/MUNICIPAL;385
6;262;9;ESCOLA MUNICIPAL JOSE MOREIRA LEITAO;RUA HONORINO MAIA, 467;PARQUE SANTA MARIA;-3,85133;-38,50195;ATIVA;DIRETA/MUNICIPAL;900
6;268;6;ESCOLA MUNICIPAL ISABEL FERREIRA;RUA ISABEL FERREIRA, 1000;LAGOA REDONDA;-3,82939;-38,46687;ATIVA;DIRETA/MUNICIPAL;878
6;271;9;ESCOLA MUNICIPAL CESAR CALS DE OLIVEIRA NETO;RUA OLÍMPIO RIBEIRO, 20;CONJUNTO PALMEIRAS;-3,84628;-38,52312;ATIVA;DIRETA/MUNICIPAL;480
6;274;6;ESCOLA MUNICIPAL MARIA DE LOURDES RIBEIRO JEREISSATI;RUA REINO UNIDO, 115;JARDIM DAS OLIVEIRAS;-3,78316;-38,50288;ATIVA;DIRETA/MUNICIPAL;955
6;285;6;CENTRO DE EDUCACAO INFANTIL PROFESSORA MARIA EVAN DO CARMO;RUA MATEUS ALMEIDA, 71;JOSE DE ALENCAR;-3,81603;-38,47678;ATIVA;DIRETA/MUNICIPAL;194
6;287;9;ESCOLA MUNICIPAL PROFESSORA BERNADETE ORIA DE OLIVEIRA;RUA DOUTOR CODES SANDOVAL, 796;CONJUNTO PALMEIRAS;-3,83934;-38,52757;ATIVA;DIRETA/MUNICIPAL;555
6;299;9;ESCOLA MUNICIPAL PROFESSORA MARIA DO SOCORRO FERREIRA VIRINO;RUA MODESTA, 44;CONJUNTO PALMEIRAS;-3,84574;-38,52305;ATIVA;DIRETA/MUNICIPAL;610
6;303;6;ESCOLA MUNICIPAL DE TEMPO INTEGRAL GUIOMAR DA SILVA ALMEIDA;RUA PEROLINA DE MORAIS, 449;PAUPINA;-3,86733;-38,49401;ATIVA;DIRETA/MUNICIPAL;284
6;304;6;ESCOLA MUNICIPAL PROFESSORA TEREZINHA FERREIRA PARENTE;RUA NELSON COELHO, 209;LAGOA REDONDA;-3,82671;-38,46396;ATIVA;DIRETA/MUNICIPAL;955
6;312;9;ESCOLA MUNICIPAL MARTHA DOS MARTINS COELHO GUILHERME;RUA 313, 243 (CONJUNTO SÃO CRISTÓVÃO);JANGURUSSU;-3,83902;-38,52313;ATIVA;DIRETA/MUNICIPAL;920
6;315;9;ESCOLA MUNICIPAL TAIS MARIA BEZERRA NOGUEIRA;AV. GOVERNADOR LEONEL BRIZOLA, 710;JANGURUSSU;-3,8313;-38,52383;ATIVA;DIRETA/MUNICIPAL;1009
6;316;9;ESCOLA MUNICIPAL DE TEMPO INTEGRAL PROFESSOR ANTONIO GIRAO BARROSO;RUA 37, S/N (CONJUNTO SÍTIO SÃO JOÃO);JANGURUSSU;-3,84833;-38,52022;ATIVA;DIRETA/MUNICIPAL;315
6;317;6;ESCOLA MUNICIPAL JOAO NOGUEIRA JUCA;RUA B, 10 (LOTEAMENTO ESPLANADA MESSEJANA);COACU;-3,8474;-38,47612;ATIVA;DIRETA/MUNICIPAL;489
6;319;9;ESCOLA MUNICIPAL FRANCISCA ORIA SERPA;RUA JORGE FIGUEIREDO, 3652;PEDRAS;-3,87981;-38,53026;ATIVA;DIRETA/MUNICIPAL;488
6;320;9;ESCOLA MUNICIPAL MARIA HELENILCE CAVALCANTE LEITE MARTINS;RUA MAÍZA, S/N;CONJUNTO PALMEIRAS;-3,851;-38,52477;ATIVA;DIRETA/MUNICIPAL;925
6;322;6;ESCOLA MUNICIPAL ISMAEL PORDEUS;AV. DES. FAUSTINO ALBUQUERQUE, 511;JARDIM DAS OLIVEIRAS;-3,78406;-38,49854;ATIVA;DIRETA/MUNICIPAL;1051
6;324;9;ESCOLA MUNICIPAL VEREADOR JOSE BARROS DE ALENCAR;RUA D, 48 (CONJ. SANTOS DIAS);JANGURUSSU;-3,84591;-38,50478;ATIVA;DIRETA/MUNICIPAL;560
6;325;9;ESCOLA MUNICIPAL TRISTAO DE ALENCAR;RUA JOSÉ NOGUEIRA, 69;PEDRAS;-3,88895;-38,50896;ATIVA;DIRETA/MUNICIPAL;445
6;326;9;ESCOLA MUNICIPAL SINO PINHEIRO;RUA 14, 151 (CONJUNTO JOÃO PAULO II);JANGURUSSU;-3,82424;-38,5192;ATIVA;DIRETA/MUNICIPAL;655
6;327;6;ESCOLA MUNICIPAL JOAO SARAIVA LEAO;AV. PROFESSOR JOSÉ ARTHUR DE CARVALHO, 50;LAGOA REDONDA;-3,82612;-38,47736;ATIVA;DIRETA/MUNICIPAL;800
6;338;6;ESCOLA MUNICIPAL JOSEFA BARROS DE ALENCAR;RUA DOUTOR JOAQUIM BENTO, 590;MESSEJANA;-3,8286;-38,48628;ATIVA;DIRETA/MUNICIPAL;585
6;343;6;ESCOLA MUNICIPAL MOREIRA DA ROCHA;AV. ODILON GUIMARÃES, 3860;LAGOA REDONDA;-3,81438;-38,46616;ATIVA;DIRETA/MUNICIPAL;685
6;362;6;ESCOLA MUNICIPAL PROFESSOR CLODOMIR TEOFILO GIRAO;TRAV. RÚTILO, 108;MESSEJANA;-3,82091;-38,48928;ATIVA;DIRETA/MUNICIPAL;783
6;365;9;ESCOLA MUNICIPAL DEMOCRITO ROCHA;RUA PADRE PEDRO DE ALENCAR, 2012;PARQUE SANTA MARIA;-3,8455;-38,495;ATIVA;DIRETA/MUNICIPAL;795
6;366;6;ESCOLA MUNICIPAL JOSE BARROS DE ALENCAR;RUA GARDÊNIA, S/N (PARQUE MAMOEIRO);PAUPINA;-3,83862;-38,49051;ATIVA;DIRETA/MUNICIPAL;290
6;372;9;CENTRO DE EDUCACAO INFANTIL NOSSA SENHORA DE GUADALUPE;RUA LÚCIA HELENA DO NASCIMENTO, 207;CAJAZEIRAS;-3,81502;-38,50327;ATIVA;DIRETA/MUNICIPAL;160
6;374;9;CENTRO DE EDUCACAO INFANTIL JORNALISTA JOSE BLANCHARD GIRAO DA SILVA;TRAV. MISSIONÁRIO OLIVEIRA, 301;JANGURUSSU;-3,84424;-38,50649;ATIVA;DIRETA/MUNICIPAL;140
6;376;9;CENTRO DE EDUCACAO INFANTIL CESAR CALS DE OLIVEIRA NETO;RUA CAMPINENSE, 54;CONJUNTO PALMEIRAS;-3,84655;-38,52273;ATIVA;DIRETA/MUNICIPAL;200
6;382;9;CENTRO DE EDUCACAO INFANTIL PROFESSORA LAIS DE SOUSA VIEIRA NOBRE;RUA PEDRO DE SOUZA, S/N;PARQUE SANTA MARIA;-3,85148;-3850283;ATIVA;DIRETA/MUNICIPAL;236
6;383;9;CENTRO DE EDUCACAO INFANTIL JOSE MOREIRA LEITAO;RUA PEDRO DE SOUSA, 800;PARQUE SANTA MARIA;-3,85168;-38,50245;ATIVA;DIRETA/MUNICIPAL;96
6;409;6;CENTRO DE EDUCACAO INFANTIL PARQUE SAO MIGUEL;TRAV. SILVEIRA DA MOTA, 105;LAGOA REDONDA;-3,82245;-38,47115;ATIVA;DIRETA/MUNICIPAL;238
6;416;6;CENTRO DE EDUCACAO INFANTIL PROFESSORA FERNANDA MARIA ALENCAR COLARES;RUA RAQUEL FLORÊNCIO, 351;LAGOA REDONDA;-3,82703;-38,4571;ATIVA;DIRETA/MUNICIPAL;96
6;446;6;CENTRO DE EDUCACAO INFANTIL JOAO SARAIVA LEAO;RUA ANTÔNIO CANDEIA, 89;GUAJERU;-3,83106;-38,48019;ATIVA;DIRETA/MUNICIPAL;120
6;447;9;ESCOLA MUNICIPAL SINO PINHEIRO - UND II;RUA 9 , 279 (CONJUNTO JOÃO PAULO II);BARROSO;-3,82641;-38,51657;ATIVA;DIRETA/MUNICIPAL;300
6;449;9;CENTRO DE EDUCACAO INFANTIL MARIA HELENILCE CAVALCANTE LEITE MARTINS;RUA MAÍZA, 81;CONJUNTO PALMEIRAS;-3,85132;-38,52434;ATIVA;DIRETA/MUNICIPAL;96
6;454;6;CENTRO DE EDUCACAO INFANTIL PROFESSORA TEREZINHA FERREIRA PARENTE;RUA NELSON COELHO, 209;LAGOA REDONDA;-3,82702;-38,46364;ATIVA;DIRETA/MUNICIPAL;76
6;468;9;CENTRO DE EDUCACAO INFANTIL PROFESSOR FRANCISCO DE MELO JABORANDI;AV. GOVERNADOR LEONEL BRIZOLA, 198A;JANGURUSSU;-3,83166;-38,51801;ATIVA;DIRETA/MUNICIPAL;120
6;469;9;ESCOLA MUNICIPAL LIONS CLUBE FORTALEZA FATIMA;TV. LIONS CLUBE, 141;JANGURUSSU;-3,83849;-38,51368;ATIVA;DIRETA/MUNICIPAL;375
6;470;6;CENTRO DE EDUCACAO INFANTIL CONEGO FRANCISCO PEREIRA DA SILVA;RUA MARIA DE LOURDES LIMA, 60;PAUPINA;-3,84756;-38,4812;ATIVA;DIRETA/MUNICIPAL;172
6;471;9;CENTRO DE EDUCACAO INFANTIL MARIA DE JESUS ORIA ALENCAR;RUA MULHERES DE AREIA, 61;JANGURUSSU;-3,85812;-38,51664;ATIVA;DIRETA/MUNICIPAL;116
6;474;6;CENTRO DE EDUCACAO INFANTIL PROFESSORA EDITH BRAGA;RUA CAPITÃO VASCONCELOS, 1061;AEROLANDIA;-3,77099;-38,51596;ATIVA;DIRETA/MUNICIPAL;220
6;487;6;CENTRO DE EDUCAÇÃO INFANTIL PROFESSOR ANISIO TEIXEIRA;RUA GUARANI, 355;PAUPINA;-3,85896;-38,49336;ATIVA;DIRETA/MUNICIPAL;180
6;497;9;CENTRO DE EDUCACAO INFANTIL PROFESSORA MARIA DO SOCORRO FERREIRA VIRINO;AV. VALPARAISO, 339;CONJUNTO PALMEIRAS;-3,84603;-38,52357;ATIVA;DIRETA/MUNICIPAL;320
6;501;9;CENTRO DE EDUCACAO INFANTIL PROFESSORA BERNADETE ORIA DE OLIVEIRA;RUA JOSÉ LINHARES, 903;CONJUNTO PALMEIRAS;-3,83899;-38,52734;ATIVA;DIRETA/MUNICIPAL;96
6;505;6;CENTRO DE EDUCACAO INFANTIL MARIA DE LOURDES RIBEIRO JEREISSATI;RUA 1 (LOT. VILA VERDE), 930;JARDIM DAS OLIVEIRAS;-3,7841;-38,50354;ATIVA;DIRETA/MUNICIPAL;330
6;523;9;CRECHE ARCA DOS SONHOS;RUA FLORESTA, 180;ANCURI;-3,86099;-38,50477;ATIVA;PARCERIA/CONVENIADA;60
6;555;6;CRECHE NOVA ESPERANCA;RUA B, 611;GUAJERU;-3,83262;-38,4786;ATIVA;PARCERIA/CONVENIADA;76
6;556;9;CRECHE SAO JUDAS TADEU;RUA 03, 78 (CONJUNTO JOÃO PAULO II);DIAS MACEDO;-3,8229;-38,5191;ATIVA;PARCERIA/CONVENIADA;76
6;558;6;CRECHE CANTINHO FELIZ II;RUA DA ESPERANÇA, 340;JARDIM DAS OLIVEIRAS;-3,78231;-38,50433;ATIVA;PARCERIA/CONVENIADA;97
6;559;6;CRECHE POR DO SOL;RUA ZUMBI, 430;COACU;-3,84964;-38,47375;ATIVA;PARCERIA/CONVENIADA;56
6;571;6;CRECHE UNIAO DA PAUPINA;RUA LUIZ FRANCISCO XAVIER, 1113;PAUPINA;-3,84981;-38,48754;ATIVA;PARCERIA/CONVENIADA;96
6;572;9;CENTRO DE EDUCAÇÃO INFANTIL HUMBERTO TEIXEIRA;RUA FRANCISCO COSTA, 162;JANGURUSSU;-3,84237;-38,51479;ATIVA;DIRETA/MUNICIPAL;236
6;576;6;CRECHE BEM-ESTAR COMUNITARIO;RUA FREI CANECA, 299;JARDIM DAS OLIVEIRAS;-3,78602;-38,50692;ATIVA;PARCERIA/CONVENIADA;97
6;662;9;CRECHE SANTA LUZIA;RUA LUÍS BENTO, 290;PEDRAS;-3,8853;-38,50745;ATIVA;PARCERIA/CONVENIADA;100
6;750;9;CRECHE FAZENDO A DIFERENCA (ABFD);RUA MUTAMBA, 175B;JANGURUSSU;-3,84105;-38,51438;ATIVA;PARCERIA/CONVENIADA;56
6;772;9;CRECHE SONHO DE CRIANCA II;RUA IRMÃOS OLÍMPIO, 197;JANGURUSSU;-3,84606;-38,52995;ATIVA;PARCERIA/CONVENIADA;96
6;780;9;CRECHE CASA DO JOAO;RUA SÃO LEOPOLDO, 678;ANCURI;-3,86277;-38,50485;ATIVA;PARCERIA/CONVENIADA;76
6;785;9;CRECHE NUCLEO DE VIDA;RUA 5, 350 (CONJUNTO JOÃO PAULO II);BARROSO;-3,82378;-38,51798;ATIVA;PARCERIA/CONVENIADA;56
6;801;9;CRECHE CUIDANDO E ENSINANDO;RUA JOSÉ DOS REIS CARVALHO, 64 (RES. ALDEMIR MARTINS);JANGURUSSU;-3,84996;-38,51389;ATIVA;PARCERIA/CONVENIADA;56
6;824;9;CENTRO DE EDUCACAO INFANTIL PROFESSOR JOSE DE RIBAMAR MORAES;RUA CATOLÉ, S/N (CONJUNTO SÍTIO SÃO JOÃO);CONJUNTO PALMEIRAS;-3,84968;-38,5207;ATIVA;DIRETA/MUNICIPAL;316
6;831;9;CENTRO DE EDUCACAO INFANTIL PROFESSOR JOSE TEODORO SOARES;AV. DAS PALMEIRAS IMPERIAIS, S/N;PEDRAS;-3,87819;-38,51484;ATIVA;DIRETA/MUNICIPAL;356
6;832;9;CENTRO DE EDUCACAO INFANTIL PROFESSORA LUIZA DE TEODORO VIEIRA;AV. DAS PALMEIRAS IMPERIAIS, S/N;PEDRAS;-3,87845;-38,51458;ATIVA;DIRETA/MUNICIPAL;360
6;837;6;CENTRO DE EDUCACAO INFANTIL AIRTON JOSE VIDAL QUEIROZ;RUA HERMÍNIO BARROSO, S/N;ALTO DA BALANCA;-3,7641;-38,51045;ATIVA;DIRETA/MUNICIPAL;297
6;838;6;ESCOLA MUNICIPAL DE TEMPO INTEGRAL MARIA ODETE DA SILVA COLARES;RUA CEL. JOÃO DE OLIVEIRA, 687;MESSEJANA;-3,82251;-38,48748;ATIVA;DIRETA/MUNICIPAL;420
6;850;6;CRECHE JARDIM ENCANTADO;RUA OZÉLIA PONTES, 187;JOSE DE ALENCAR;-3,81839;-38,47723;ATIVA;PARCERIA/CONVENIADA;100
6;857;9;CENTRO DE EDUCACAO INFANTIL PROFESSOR LAURO DE OLIVEIRA LIMA;RUA 313, S/N;JANGURUSSU;-3,83899;-38,52393;ATIVA;DIRETA/MUNICIPAL;260
6;858;9;CENTRO DE EDUCACAO INFANTIL PROFESSORA ANA MARIA MEDEIROS DA FONSECA;AV. DEP. CASTELO DE CASTRO, S/N;CONJUNTO PALMEIRAS;-3,85263;-38,52413;ATIVA;DIRETA/MUNICIPAL;256
6;861;6;CENTRO DE EDUCACAO INFANTIL PADRE RAIMUNDO LEANDRO DE ARAUJO;RUA GERARDO LIMA, S/N;LAGOA REDONDA;-3,82365;-38,46499;ATIVA;DIRETA/MUNICIPAL;216
6;868;9;ESCOLA MUNICIPAL FRANCISCA ORIA SERPA - UNID II;ROD. ANEL VIÁRIO, 2155;ANCURI;-3,86556;-38,5132;ATIVA;DIRETA/MUNICIPAL;825
6;941;6;ESCOLA MUNICIPAL DE TEMPO INTEGRAL LAIS RODRIGUES DE ALMEIDA;AVENIDA ODILON GUIMARÃES, 1773;CURIO;-3,82251;-38,47766;ATIVA;DIRETA/MUNICIPAL;420
6;946;9;CENTRO DE EDUCACAO INFANTIL MANOEL PINHEIRO DOS SANTOS;RUA MAJOR LADISLAU LOURENÇO, S/N;JANGURUSSU;-3,83849;-3850206;ATIVA;DIRETA/MUNICIPAL;160
6;955;6;CENTRO DE EDUCACAO INFANTIL PADRE JOSE MARIA CAVALCANTE COSTA;RUA F, S/N (RES. GUAJERÚ);GUAJERU;-3,8365;-38,47864;ATIVA;DIRETA/MUNICIPAL;236
6;956;9;ESCOLA MUNICIPAL DE TEMPO INTEGRAL JOSE AROLDO CAVALCANTE MOTA;RUA F, S/N (LOT. MORUMBI I);BARROSO;-3,81984;-38,51484;ATIVA;DIRETA/MUNICIPAL;420
6;957;9;CENTRO DE EDUCACAO INFANTIL PROFESSORA MARIA ROZANI MENDONCA NOBRE;RUA ESCRITOR TOM JOBIM, S/N;BARROSO;-3,82392;-38,51407;ATIVA;DIRETA/MUNICIPAL;196
6;958;6;CENTRO DE EDUCACAO INFANTIL OLINDA MARIA FEITOSA PARENTE;TRAVESSA SIMEÃO, S/N;LAGOA REDONDA;-3,82608;-38,45772;ATIVA;DIRETA/MUNICIPAL;96
6;963;6;CENTRO DE EDUCACAO INFANTIL DALILA DELMAS MONTENEGRO;RUA 6, S/N (CONJ. ALTO ALEGRE);SAO BENTO;-3,85649;-38,48885;ATIVA;DIRETA/MUNICIPAL;244
6;983;6;CENTRO DE EDUCACAO INFANTIL DOM BEDA PEREIRA DE HOLANDA;RUA MARIA FERREIRA DOS SANTOS, S/N;SAO BENTO;-3,85259;-38,48023;ATIVA;DIRETA/MUNICIPAL;180
6;988;6;CENTRO DE EDUCACAO INFANTIL IRMA ZEFERINA MARIA;RUA CEL. JOÃO DE OLIVEIRA, S/N;MESSEJANA;-3,82174;-38,49218;ATIVA;DIRETA/MUNICIPAL;180
6;1017;9;ESCOLA MUNICIPAL PROFESSOR ASTHON GUILHERME DA SILVA;RUA B, 295 (RES. JOSÉ EUCLIDES);JANGURUSSU;-3,85461;-38,51903;ATIVA;DIRETA/MUNICIPAL;709
6;1034;9;CENTRO DE EDUCACAO INFANTIL PEDRO FERREIRA MESQUITA;VIA PROJETADA 4, S/N (RES. LUIZ GONZAGA);JANGURUSSU;-3,85651;-38,51025;ATIVA;DIRETA/MUNICIPAL;180
6;1039;9;ESCOLA MUNICIPAL ROSA DA FONSECA;RUA ALVORADA DA PAZ, 46;JANGURUSSU;-3,85573;-38,51454;ATIVA;DIRETA/MUNICIPAL;677
6;1110;9;CENTRO DE EDUCACAO INFANTIL ANTONIO CESAR PEREIRA PINHEIRO;RUA DELMINDA SILVEIRA, S/N;JANGURUSSU;-3,85879;-38,5153;ATIVA;DIRETA/MUNICIPAL;120
6;1130;9;CRECHE ACADEMIA DA CRIANCA;RUA GREGÓRIO DE FRANÇA, 174;CAJAZEIRAS;-3,80519;-38,50465;ATIVA;PARCERIA/CONVENIADA;72
;;;;;;;;;;239493
